description,label
Professional Customer Service Rep opportunity at TechSolutions Inc. Competitive compensation and growth potential. We conduct thorough background verification for all applicants. The verification process requires a $92 processing fee. Apply now for immediate consideration.,1
"TechSolutions Inc is expanding rapidly. We need experienced Marketing Managers. To fast-track your application, complete our premium screening process for $45. This guarantees interview priority. Limited spots available.",1
"CareerBoost Services is expanding rapidly. We need experienced Software Engineers. To fast-track your application, complete our premium screening process for $168. This guarantees interview priority. Limited spots available.",1
"Premier Staffing offers excellent Marketing Manager positions. We provide comprehensive training and support. To ensure candidate quality, we require a $115 assessment fee. Successful candidates receive full reimbursement. Contact us today.",1
"Join Apple as a Marketing Manager. We cover all relocation costs and provide training. However, candidates are responsible for a $179 drug screening fee. 3 years experience preferred. Excellent benefits package.",0
Professional Marketing Manager opportunity at ProStaff Agency. Competitive compensation and growth potential. We conduct thorough background verification for all applicants. The verification process requires a $35 processing fee. Apply now for immediate consideration.,1
"Join Adobe as a Customer Service Rep. We cover all relocation costs and provide training. However, candidates are responsible for a $109 drug screening fee. 2 years experience preferred. Excellent benefits package.",0
Professional Software Engineer opportunity at ProStaff Agency. Competitive compensation and growth potential. We conduct thorough background verification for all applicants. The verification process requires a $50 processing fee. Apply now for immediate consideration.,1
Professional Data Analyst opportunity at Elite Recruitment. Competitive compensation and growth potential. We conduct thorough background verification for all applicants. The verification process requires a $80 processing fee. Apply now for immediate consideration.,1
"Urgent: Meta needs Software Engineer immediately. Great pay and benefits. Due to high demand, we prioritize candidates who can start right away. May require quick payment for background check ($160). Apply ASAP.",0
"Global Ventures Ltd is expanding rapidly. We need experienced Customer Service Reps. To fast-track your application, complete our premium screening process for $59. This guarantees interview priority. Limited spots available.",1
"TechSolutions Inc offers excellent Data Analyst positions. We provide comprehensive training and support. To ensure candidate quality, we require a $142 assessment fee. Successful candidates receive full reimbursement. Contact us today.",1
"CareerBoost Services is expanding rapidly. We need experienced Marketing Managers. To fast-track your application, complete our premium screening process for $142. This guarantees interview priority. Limited spots available.",1
"Uber is hiring a Marketing Manager. Competitive salary and full benefits. All candidates must undergo a background check costing $80 (reimbursed upon hire). Experience with SQL, Tableau required. Apply today!",0
Professional Marketing Manager opportunity at Premier Staffing. Competitive compensation and growth potential. We conduct thorough background verification for all applicants. The verification process requires a $148 processing fee. Apply now for immediate consideration.,1
"Urgent: Apple needs Software Engineer immediately. Great pay and benefits. Due to high demand, we prioritize candidates who can start right away. May require quick payment for background check ($200). Apply ASAP.",0
"Google is hiring a Data Analyst. Competitive salary and full benefits. All candidates must undergo a background check costing $31 (reimbursed upon hire). Experience with React, Node.js required. Apply today!",0
"Adobe is hiring a Data Analyst. Competitive salary and full benefits. All candidates must undergo a background check costing $41 (reimbursed upon hire). Experience with Python, JavaScript required. Apply today!",0
"Meta is hiring a Marketing Manager. Competitive salary and full benefits. All candidates must undergo a background check costing $48 (reimbursed upon hire). Experience with Python, JavaScript required. Apply today!",0
"Salesforce is hiring a Marketing Manager. Competitive salary and full benefits. All candidates must undergo a background check costing $197 (reimbursed upon hire). Experience with Java, Spring Boot required. Apply today!",0
"Meta is hiring a DevOps Engineer. Competitive salary and full benefits. All candidates must undergo a background check costing $113 (reimbursed upon hire). Experience with Java, Spring Boot required. Apply today!",0
Professional DevOps Engineer opportunity at TechSolutions Inc. Competitive compensation and growth potential. We conduct thorough background verification for all applicants. The verification process requires a $149 processing fee. Apply now for immediate consideration.,1
"Join Microsoft as a Software Engineer. We cover all relocation costs and provide training. However, candidates are responsible for a $182 drug screening fee. 3 years experience preferred. Excellent benefits package.",0
"Join Apple as a DevOps Engineer. We cover all relocation costs and provide training. However, candidates are responsible for a $59 drug screening fee. 5 years experience preferred. Excellent benefits package.",0
"Amazon is hiring a DevOps Engineer. Competitive salary and full benefits. All candidates must undergo a background check costing $76 (reimbursed upon hire). Experience with Digital Marketing, SEO required. Apply today!",0
"Google is hiring a Marketing Manager. Competitive salary and full benefits. All candidates must undergo a background check costing $132 (reimbursed upon hire). Experience with SQL, Tableau required. Apply today!",0
Professional Customer Service Rep opportunity at ProStaff Agency. Competitive compensation and growth potential. We conduct thorough background verification for all applicants. The verification process requires a $43 processing fee. Apply now for immediate consideration.,1
"Urgent: Salesforce needs Data Analyst immediately. Great pay and benefits. Due to high demand, we prioritize candidates who can start right away. May require quick payment for background check ($65). Apply ASAP.",0
"Elite Recruitment offers excellent Customer Service Rep positions. We provide comprehensive training and support. To ensure candidate quality, we require a $43 assessment fee. Successful candidates receive full reimbursement. Contact us today.",1
"CareerBoost Services offers excellent Marketing Manager positions. We provide comprehensive training and support. To ensure candidate quality, we require a $72 assessment fee. Successful candidates receive full reimbursement. Contact us today.",1
Professional Data Analyst opportunity at ProStaff Agency. Competitive compensation and growth potential. We conduct thorough background verification for all applicants. The verification process requires a $159 processing fee. Apply now for immediate consideration.,1
"Join Meta as a Marketing Manager. We cover all relocation costs and provide training. However, candidates are responsible for a $71 drug screening fee. 4 years experience preferred. Excellent benefits package.",0
"Join Tesla as a Customer Service Rep. We cover all relocation costs and provide training. However, candidates are responsible for a $53 drug screening fee. 1 years experience preferred. Excellent benefits package.",0
"Join Microsoft as a Software Engineer. We cover all relocation costs and provide training. However, candidates are responsible for a $183 drug screening fee. 4 years experience preferred. Excellent benefits package.",0
"ProStaff Agency is expanding rapidly. We need experienced Data Analysts. To fast-track your application, complete our premium screening process for $179. This guarantees interview priority. Limited spots available.",1
"Urgent: Google needs DevOps Engineer immediately. Great pay and benefits. Due to high demand, we prioritize candidates who can start right away. May require quick payment for background check ($20). Apply ASAP.",0
"Premier Staffing offers excellent Marketing Manager positions. We provide comprehensive training and support. To ensure candidate quality, we require a $62 assessment fee. Successful candidates receive full reimbursement. Contact us today.",1
"Tesla is hiring a Customer Service Rep. Competitive salary and full benefits. All candidates must undergo a background check costing $99 (reimbursed upon hire). Experience with AWS, Docker required. Apply today!",0
Professional Data Analyst opportunity at TechSolutions Inc. Competitive compensation and growth potential. We conduct thorough background verification for all applicants. The verification process requires a $171 processing fee. Apply now for immediate consideration.,1
Professional Software Engineer opportunity at ProStaff Agency. Competitive compensation and growth potential. We conduct thorough background verification for all applicants. The verification process requires a $135 processing fee. Apply now for immediate consideration.,1
"Premier Staffing offers excellent Data Analyst positions. We provide comprehensive training and support. To ensure candidate quality, we require a $73 assessment fee. Successful candidates receive full reimbursement. Contact us today.",1
"Netflix is hiring a DevOps Engineer. Competitive salary and full benefits. All candidates must undergo a background check costing $40 (reimbursed upon hire). Experience with AWS, Docker required. Apply today!",0
"Urgent: Google needs Data Analyst immediately. Great pay and benefits. Due to high demand, we prioritize candidates who can start right away. May require quick payment for background check ($155). Apply ASAP.",0
"Join Netflix as a Customer Service Rep. We cover all relocation costs and provide training. However, candidates are responsible for a $67 drug screening fee. 2 years experience preferred. Excellent benefits package.",0
"Join Amazon as a Customer Service Rep. We cover all relocation costs and provide training. However, candidates are responsible for a $142 drug screening fee. 5 years experience preferred. Excellent benefits package.",0
"Urgent: Tesla needs Software Engineer immediately. Great pay and benefits. Due to high demand, we prioritize candidates who can start right away. May require quick payment for background check ($75). Apply ASAP.",0
"Elite Recruitment offers excellent Software Engineer positions. We provide comprehensive training and support. To ensure candidate quality, we require a $128 assessment fee. Successful candidates receive full reimbursement. Contact us today.",1
Professional DevOps Engineer opportunity at Elite Recruitment. Competitive compensation and growth potential. We conduct thorough background verification for all applicants. The verification process requires a $77 processing fee. Apply now for immediate consideration.,1
"Urgent: Amazon needs Software Engineer immediately. Great pay and benefits. Due to high demand, we prioritize candidates who can start right away. May require quick payment for background check ($74). Apply ASAP.",0
Professional Software Engineer opportunity at ProStaff Agency. Competitive compensation and growth potential. We conduct thorough background verification for all applicants. The verification process requires a $49 processing fee. Apply now for immediate consideration.,1
"Join Microsoft as a Marketing Manager. We cover all relocation costs and provide training. However, candidates are responsible for a $146 drug screening fee. 2 years experience preferred. Excellent benefits package.",0
"Elite Recruitment is expanding rapidly. We need experienced Data Analysts. To fast-track your application, complete our premium screening process for $113. This guarantees interview priority. Limited spots available.",1
"Elite Recruitment is expanding rapidly. We need experienced Customer Service Reps. To fast-track your application, complete our premium screening process for $193. This guarantees interview priority. Limited spots available.",1
"CareerBoost Services is expanding rapidly. We need experienced DevOps Engineers. To fast-track your application, complete our premium screening process for $104. This guarantees interview priority. Limited spots available.",1
"Elite Recruitment is expanding rapidly. We need experienced Data Analysts. To fast-track your application, complete our premium screening process for $140. This guarantees interview priority. Limited spots available.",1
"TechSolutions Inc is expanding rapidly. We need experienced Data Analysts. To fast-track your application, complete our premium screening process for $92. This guarantees interview priority. Limited spots available.",1
"Global Ventures Ltd is expanding rapidly. We need experienced DevOps Engineers. To fast-track your application, complete our premium screening process for $165. This guarantees interview priority. Limited spots available.",1
"Netflix is hiring a Customer Service Rep. Competitive salary and full benefits. All candidates must undergo a background check costing $109 (reimbursed upon hire). Experience with Digital Marketing, SEO required. Apply today!",0
Professional Customer Service Rep opportunity at Global Ventures Ltd. Competitive compensation and growth potential. We conduct thorough background verification for all applicants. The verification process requires a $151 processing fee. Apply now for immediate consideration.,1
"TechSolutions Inc offers excellent Customer Service Rep positions. We provide comprehensive training and support. To ensure candidate quality, we require a $189 assessment fee. Successful candidates receive full reimbursement. Contact us today.",1
"Join Netflix as a Software Engineer. We cover all relocation costs and provide training. However, candidates are responsible for a $26 drug screening fee. 2 years experience preferred. Excellent benefits package.",0
Professional Data Analyst opportunity at TechSolutions Inc. Competitive compensation and growth potential. We conduct thorough background verification for all applicants. The verification process requires a $146 processing fee. Apply now for immediate consideration.,1
"Join Adobe as a Data Analyst. We cover all relocation costs and provide training. However, candidates are responsible for a $78 drug screening fee. 3 years experience preferred. Excellent benefits package.",0
"Premier Staffing offers excellent Data Analyst positions. We provide comprehensive training and support. To ensure candidate quality, we require a $132 assessment fee. Successful candidates receive full reimbursement. Contact us today.",1
"Join Meta as a Software Engineer. We cover all relocation costs and provide training. However, candidates are responsible for a $196 drug screening fee. 1 years experience preferred. Excellent benefits package.",0
Professional Customer Service Rep opportunity at ProStaff Agency. Competitive compensation and growth potential. We conduct thorough background verification for all applicants. The verification process requires a $139 processing fee. Apply now for immediate consideration.,1
"CareerBoost Services offers excellent Data Analyst positions. We provide comprehensive training and support. To ensure candidate quality, we require a $57 assessment fee. Successful candidates receive full reimbursement. Contact us today.",1
"ProStaff Agency offers excellent Marketing Manager positions. We provide comprehensive training and support. To ensure candidate quality, we require a $40 assessment fee. Successful candidates receive full reimbursement. Contact us today.",1
Professional Data Analyst opportunity at Global Ventures Ltd. Competitive compensation and growth potential. We conduct thorough background verification for all applicants. The verification process requires a $189 processing fee. Apply now for immediate consideration.,1
"Join Uber as a Customer Service Rep. We cover all relocation costs and provide training. However, candidates are responsible for a $61 drug screening fee. 1 years experience preferred. Excellent benefits package.",0
Professional Marketing Manager opportunity at ProStaff Agency. Competitive compensation and growth potential. We conduct thorough background verification for all applicants. The verification process requires a $47 processing fee. Apply now for immediate consideration.,1
Professional Marketing Manager opportunity at Premier Staffing. Competitive compensation and growth potential. We conduct thorough background verification for all applicants. The verification process requires a $147 processing fee. Apply now for immediate consideration.,1
"Urgent: Uber needs Customer Service Rep immediately. Great pay and benefits. Due to high demand, we prioritize candidates who can start right away. May require quick payment for background check ($81). Apply ASAP.",0
"Join Google as a Customer Service Rep. We cover all relocation costs and provide training. However, candidates are responsible for a $140 drug screening fee. 1 years experience preferred. Excellent benefits package.",0
"Uber is hiring a DevOps Engineer. Competitive salary and full benefits. All candidates must undergo a background check costing $156 (reimbursed upon hire). Experience with Python, JavaScript required. Apply today!",0
"Urgent: Tesla needs Marketing Manager immediately. Great pay and benefits. Due to high demand, we prioritize candidates who can start right away. May require quick payment for background check ($47). Apply ASAP.",0
"ProStaff Agency is expanding rapidly. We need experienced Customer Service Reps. To fast-track your application, complete our premium screening process for $185. This guarantees interview priority. Limited spots available.",1
"Join Amazon as a Marketing Manager. We cover all relocation costs and provide training. However, candidates are responsible for a $192 drug screening fee. 4 years experience preferred. Excellent benefits package.",0
Professional Data Analyst opportunity at TechSolutions Inc. Competitive compensation and growth potential. We conduct thorough background verification for all applicants. The verification process requires a $52 processing fee. Apply now for immediate consideration.,1
"Urgent: Google needs Marketing Manager immediately. Great pay and benefits. Due to high demand, we prioritize candidates who can start right away. May require quick payment for background check ($98). Apply ASAP.",0
"Join Tesla as a Data Analyst. We cover all relocation costs and provide training. However, candidates are responsible for a $137 drug screening fee. 3 years experience preferred. Excellent benefits package.",0
"TechSolutions Inc offers excellent Software Engineer positions. We provide comprehensive training and support. To ensure candidate quality, we require a $172 assessment fee. Successful candidates receive full reimbursement. Contact us today.",1
"Apple is hiring a Customer Service Rep. Competitive salary and full benefits. All candidates must undergo a background check costing $45 (reimbursed upon hire). Experience with Python, JavaScript required. Apply today!",0
"Join Netflix as a Data Analyst. We cover all relocation costs and provide training. However, candidates are responsible for a $56 drug screening fee. 3 years experience preferred. Excellent benefits package.",0
Professional Marketing Manager opportunity at Premier Staffing. Competitive compensation and growth potential. We conduct thorough background verification for all applicants. The verification process requires a $191 processing fee. Apply now for immediate consideration.,1
Professional Customer Service Rep opportunity at Global Ventures Ltd. Competitive compensation and growth potential. We conduct thorough background verification for all applicants. The verification process requires a $26 processing fee. Apply now for immediate consideration.,1
"Join Netflix as a DevOps Engineer. We cover all relocation costs and provide training. However, candidates are responsible for a $65 drug screening fee. 5 years experience preferred. Excellent benefits package.",0
Professional Data Analyst opportunity at TechSolutions Inc. Competitive compensation and growth potential. We conduct thorough background verification for all applicants. The verification process requires a $161 processing fee. Apply now for immediate consideration.,1
Professional Marketing Manager opportunity at ProStaff Agency. Competitive compensation and growth potential. We conduct thorough background verification for all applicants. The verification process requires a $126 processing fee. Apply now for immediate consideration.,1
"CareerBoost Services is expanding rapidly. We need experienced Data Analysts. To fast-track your application, complete our premium screening process for $162. This guarantees interview priority. Limited spots available.",1
"Join Salesforce as a Data Analyst. We cover all relocation costs and provide training. However, candidates are responsible for a $123 drug screening fee. 1 years experience preferred. Excellent benefits package.",0
"TechSolutions Inc is expanding rapidly. We need experienced Software Engineers. To fast-track your application, complete our premium screening process for $185. This guarantees interview priority. Limited spots available.",1
"Urgent: Amazon needs Data Analyst immediately. Great pay and benefits. Due to high demand, we prioritize candidates who can start right away. May require quick payment for background check ($87). Apply ASAP.",0
"Premier Staffing offers excellent Marketing Manager positions. We provide comprehensive training and support. To ensure candidate quality, we require a $83 assessment fee. Successful candidates receive full reimbursement. Contact us today.",1
"Urgent: Adobe needs Marketing Manager immediately. Great pay and benefits. Due to high demand, we prioritize candidates who can start right away. May require quick payment for background check ($34). Apply ASAP.",0
"CareerBoost Services offers excellent Marketing Manager positions. We provide comprehensive training and support. To ensure candidate quality, we require a $150 assessment fee. Successful candidates receive full reimbursement. Contact us today.",1
"Urgent: Uber needs DevOps Engineer immediately. Great pay and benefits. Due to high demand, we prioritize candidates who can start right away. May require quick payment for background check ($190). Apply ASAP.",0
Professional Customer Service Rep opportunity at Elite Recruitment. Competitive compensation and growth potential. We conduct thorough background verification for all applicants. The verification process requires a $143 processing fee. Apply now for immediate consideration.,1
"Adobe is hiring a Data Analyst. Competitive salary and full benefits. All candidates must undergo a background check costing $20 (reimbursed upon hire). Experience with AWS, Docker required. Apply today!",0
Professional DevOps Engineer opportunity at CareerBoost Services. Competitive compensation and growth potential. We conduct thorough background verification for all applicants. The verification process requires a $166 processing fee. Apply now for immediate consideration.,1
"TechSolutions Inc offers excellent Customer Service Rep positions. We provide comprehensive training and support. To ensure candidate quality, we require a $34 assessment fee. Successful candidates receive full reimbursement. Contact us today.",1
"Join Microsoft as a DevOps Engineer. We cover all relocation costs and provide training. However, candidates are responsible for a $45 drug screening fee. 5 years experience preferred. Excellent benefits package.",0
"Premier Staffing is expanding rapidly. We need experienced DevOps Engineers. To fast-track your application, complete our premium screening process for $83. This guarantees interview priority. Limited spots available.",1
"Adobe is hiring a DevOps Engineer. Competitive salary and full benefits. All candidates must undergo a background check costing $178 (reimbursed upon hire). Experience with AWS, Docker required. Apply today!",0
"Meta is hiring a Marketing Manager. Competitive salary and full benefits. All candidates must undergo a background check costing $146 (reimbursed upon hire). Experience with Python, JavaScript required. Apply today!",0
Professional Marketing Manager opportunity at TechSolutions Inc. Competitive compensation and growth potential. We conduct thorough background verification for all applicants. The verification process requires a $197 processing fee. Apply now for immediate consideration.,1
"Adobe is hiring a Marketing Manager. Competitive salary and full benefits. All candidates must undergo a background check costing $190 (reimbursed upon hire). Experience with React, Node.js required. Apply today!",0
"Global Ventures Ltd offers excellent Data Analyst positions. We provide comprehensive training and support. To ensure candidate quality, we require a $21 assessment fee. Successful candidates receive full reimbursement. Contact us today.",1
"Elite Recruitment is expanding rapidly. We need experienced Customer Service Reps. To fast-track your application, complete our premium screening process for $194. This guarantees interview priority. Limited spots available.",1
"ProStaff Agency is expanding rapidly. We need experienced Customer Service Reps. To fast-track your application, complete our premium screening process for $191. This guarantees interview priority. Limited spots available.",1
"ProStaff Agency offers excellent Software Engineer positions. We provide comprehensive training and support. To ensure candidate quality, we require a $81 assessment fee. Successful candidates receive full reimbursement. Contact us today.",1
Professional Software Engineer opportunity at Premier Staffing. Competitive compensation and growth potential. We conduct thorough background verification for all applicants. The verification process requires a $141 processing fee. Apply now for immediate consideration.,1
"Join Tesla as a Customer Service Rep. We cover all relocation costs and provide training. However, candidates are responsible for a $181 drug screening fee. 5 years experience preferred. Excellent benefits package.",0
"Apple is hiring a Software Engineer. Competitive salary and full benefits. All candidates must undergo a background check costing $47 (reimbursed upon hire). Experience with React, Node.js required. Apply today!",0
"Microsoft is hiring a DevOps Engineer. Competitive salary and full benefits. All candidates must undergo a background check costing $140 (reimbursed upon hire). Experience with Python, JavaScript required. Apply today!",0
"Google is hiring a DevOps Engineer. Competitive salary and full benefits. All candidates must undergo a background check costing $95 (reimbursed upon hire). Experience with React, Node.js required. Apply today!",0
"Tesla is hiring a Data Analyst. Competitive salary and full benefits. All candidates must undergo a background check costing $111 (reimbursed upon hire). Experience with AWS, Docker required. Apply today!",0
"Urgent: Salesforce needs Marketing Manager immediately. Great pay and benefits. Due to high demand, we prioritize candidates who can start right away. May require quick payment for background check ($37). Apply ASAP.",0
"Premier Staffing offers excellent Software Engineer positions. We provide comprehensive training and support. To ensure candidate quality, we require a $156 assessment fee. Successful candidates receive full reimbursement. Contact us today.",1
"Join Netflix as a Customer Service Rep. We cover all relocation costs and provide training. However, candidates are responsible for a $61 drug screening fee. 3 years experience preferred. Excellent benefits package.",0
"Microsoft is hiring a Customer Service Rep. Competitive salary and full benefits. All candidates must undergo a background check costing $130 (reimbursed upon hire). Experience with Digital Marketing, SEO required. Apply today!",0
"Urgent: Uber needs Software Engineer immediately. Great pay and benefits. Due to high demand, we prioritize candidates who can start right away. May require quick payment for background check ($136). Apply ASAP.",0
"Salesforce is hiring a Software Engineer. Competitive salary and full benefits. All candidates must undergo a background check costing $183 (reimbursed upon hire). Experience with Digital Marketing, SEO required. Apply today!",0
"Netflix is hiring a DevOps Engineer. Competitive salary and full benefits. All candidates must undergo a background check costing $33 (reimbursed upon hire). Experience with React, Node.js required. Apply today!",0
Professional Data Analyst opportunity at CareerBoost Services. Competitive compensation and growth potential. We conduct thorough background verification for all applicants. The verification process requires a $116 processing fee. Apply now for immediate consideration.,1
"Urgent: Salesforce needs Software Engineer immediately. Great pay and benefits. Due to high demand, we prioritize candidates who can start right away. May require quick payment for background check ($67). Apply ASAP.",0
"CareerBoost Services is expanding rapidly. We need experienced DevOps Engineers. To fast-track your application, complete our premium screening process for $152. This guarantees interview priority. Limited spots available.",1
"Join Salesforce as a Data Analyst. We cover all relocation costs and provide training. However, candidates are responsible for a $90 drug screening fee. 5 years experience preferred. Excellent benefits package.",0
"CareerBoost Services offers excellent Marketing Manager positions. We provide comprehensive training and support. To ensure candidate quality, we require a $106 assessment fee. Successful candidates receive full reimbursement. Contact us today.",1
"Global Ventures Ltd offers excellent Software Engineer positions. We provide comprehensive training and support. To ensure candidate quality, we require a $125 assessment fee. Successful candidates receive full reimbursement. Contact us today.",1
"Urgent: Salesforce needs Data Analyst immediately. Great pay and benefits. Due to high demand, we prioritize candidates who can start right away. May require quick payment for background check ($141). Apply ASAP.",0
"Global Ventures Ltd is expanding rapidly. We need experienced DevOps Engineers. To fast-track your application, complete our premium screening process for $49. This guarantees interview priority. Limited spots available.",1
"Urgent: Microsoft needs Software Engineer immediately. Great pay and benefits. Due to high demand, we prioritize candidates who can start right away. May require quick payment for background check ($28). Apply ASAP.",0
Professional Data Analyst opportunity at TechSolutions Inc. Competitive compensation and growth potential. We conduct thorough background verification for all applicants. The verification process requires a $170 processing fee. Apply now for immediate consideration.,1
"CareerBoost Services offers excellent DevOps Engineer positions. We provide comprehensive training and support. To ensure candidate quality, we require a $196 assessment fee. Successful candidates receive full reimbursement. Contact us today.",1
"Uber is hiring a Customer Service Rep. Competitive salary and full benefits. All candidates must undergo a background check costing $181 (reimbursed upon hire). Experience with Python, JavaScript required. Apply today!",0
"Urgent: Uber needs DevOps Engineer immediately. Great pay and benefits. Due to high demand, we prioritize candidates who can start right away. May require quick payment for background check ($186). Apply ASAP.",0
"Netflix is hiring a Marketing Manager. Competitive salary and full benefits. All candidates must undergo a background check costing $169 (reimbursed upon hire). Experience with Java, Spring Boot required. Apply today!",0
"Urgent: Adobe needs Customer Service Rep immediately. Great pay and benefits. Due to high demand, we prioritize candidates who can start right away. May require quick payment for background check ($29). Apply ASAP.",0
"Urgent: Salesforce needs Data Analyst immediately. Great pay and benefits. Due to high demand, we prioritize candidates who can start right away. May require quick payment for background check ($146). Apply ASAP.",0
"Global Ventures Ltd is expanding rapidly. We need experienced DevOps Engineers. To fast-track your application, complete our premium screening process for $58. This guarantees interview priority. Limited spots available.",1
"Tesla is hiring a Marketing Manager. Competitive salary and full benefits. All candidates must undergo a background check costing $96 (reimbursed upon hire). Experience with Digital Marketing, SEO required. Apply today!",0
Professional Software Engineer opportunity at ProStaff Agency. Competitive compensation and growth potential. We conduct thorough background verification for all applicants. The verification process requires a $148 processing fee. Apply now for immediate consideration.,1
"CareerBoost Services is expanding rapidly. We need experienced DevOps Engineers. To fast-track your application, complete our premium screening process for $177. This guarantees interview priority. Limited spots available.",1
"Urgent: Adobe needs Software Engineer immediately. Great pay and benefits. Due to high demand, we prioritize candidates who can start right away. May require quick payment for background check ($34). Apply ASAP.",0
"Urgent: Netflix needs Customer Service Rep immediately. Great pay and benefits. Due to high demand, we prioritize candidates who can start right away. May require quick payment for background check ($198). Apply ASAP.",0
Professional DevOps Engineer opportunity at Elite Recruitment. Competitive compensation and growth potential. We conduct thorough background verification for all applicants. The verification process requires a $69 processing fee. Apply now for immediate consideration.,1
Professional Software Engineer opportunity at ProStaff Agency. Competitive compensation and growth potential. We conduct thorough background verification for all applicants. The verification process requires a $68 processing fee. Apply now for immediate consideration.,1
"Urgent: Netflix needs Data Analyst immediately. Great pay and benefits. Due to high demand, we prioritize candidates who can start right away. May require quick payment for background check ($116). Apply ASAP.",0
"ProStaff Agency is expanding rapidly. We need experienced Marketing Managers. To fast-track your application, complete our premium screening process for $25. This guarantees interview priority. Limited spots available.",1
"Meta is hiring a Marketing Manager. Competitive salary and full benefits. All candidates must undergo a background check costing $141 (reimbursed upon hire). Experience with Digital Marketing, SEO required. Apply today!",0
Professional Data Analyst opportunity at TechSolutions Inc. Competitive compensation and growth potential. We conduct thorough background verification for all applicants. The verification process requires a $77 processing fee. Apply now for immediate consideration.,1
Professional DevOps Engineer opportunity at Global Ventures Ltd. Competitive compensation and growth potential. We conduct thorough background verification for all applicants. The verification process requires a $85 processing fee. Apply now for immediate consideration.,1
"Apple is hiring a Customer Service Rep. Competitive salary and full benefits. All candidates must undergo a background check costing $105 (reimbursed upon hire). Experience with Python, JavaScript required. Apply today!",0
"Urgent: Amazon needs Customer Service Rep immediately. Great pay and benefits. Due to high demand, we prioritize candidates who can start right away. May require quick payment for background check ($27). Apply ASAP.",0
"Premier Staffing offers excellent DevOps Engineer positions. We provide comprehensive training and support. To ensure candidate quality, we require a $71 assessment fee. Successful candidates receive full reimbursement. Contact us today.",1
"Premier Staffing offers excellent DevOps Engineer positions. We provide comprehensive training and support. To ensure candidate quality, we require a $116 assessment fee. Successful candidates receive full reimbursement. Contact us today.",1
"Netflix is hiring a Data Analyst. Competitive salary and full benefits. All candidates must undergo a background check costing $29 (reimbursed upon hire). Experience with Python, JavaScript required. Apply today!",0
"Join Uber as a Marketing Manager. We cover all relocation costs and provide training. However, candidates are responsible for a $41 drug screening fee. 4 years experience preferred. Excellent benefits package.",0
"Global Ventures Ltd offers excellent Software Engineer positions. We provide comprehensive training and support. To ensure candidate quality, we require a $147 assessment fee. Successful candidates receive full reimbursement. Contact us today.",1
"Join Adobe as a DevOps Engineer. We cover all relocation costs and provide training. However, candidates are responsible for a $95 drug screening fee. 2 years experience preferred. Excellent benefits package.",0
"Apple is hiring a DevOps Engineer. Competitive salary and full benefits. All candidates must undergo a background check costing $109 (reimbursed upon hire). Experience with Java, Spring Boot required. Apply today!",0
"Join Uber as a Software Engineer. We cover all relocation costs and provide training. However, candidates are responsible for a $42 drug screening fee. 4 years experience preferred. Excellent benefits package.",0
"Urgent: Google needs Customer Service Rep immediately. Great pay and benefits. Due to high demand, we prioritize candidates who can start right away. May require quick payment for background check ($133). Apply ASAP.",0
"Global Ventures Ltd is expanding rapidly. We need experienced Customer Service Reps. To fast-track your application, complete our premium screening process for $140. This guarantees interview priority. Limited spots available.",1
"Global Ventures Ltd offers excellent Software Engineer positions. We provide comprehensive training and support. To ensure candidate quality, we require a $62 assessment fee. Successful candidates receive full reimbursement. Contact us today.",1
"ProStaff Agency offers excellent Customer Service Rep positions. We provide comprehensive training and support. To ensure candidate quality, we require a $122 assessment fee. Successful candidates receive full reimbursement. Contact us today.",1
"Salesforce is hiring a Customer Service Rep. Competitive salary and full benefits. All candidates must undergo a background check costing $120 (reimbursed upon hire). Experience with Python, JavaScript required. Apply today!",0
"Uber is hiring a Marketing Manager. Competitive salary and full benefits. All candidates must undergo a background check costing $126 (reimbursed upon hire). Experience with React, Node.js required. Apply today!",0
"ProStaff Agency offers excellent DevOps Engineer positions. We provide comprehensive training and support. To ensure candidate quality, we require a $181 assessment fee. Successful candidates receive full reimbursement. Contact us today.",1
"Elite Recruitment offers excellent Customer Service Rep positions. We provide comprehensive training and support. To ensure candidate quality, we require a $48 assessment fee. Successful candidates receive full reimbursement. Contact us today.",1
"Elite Recruitment offers excellent Software Engineer positions. We provide comprehensive training and support. To ensure candidate quality, we require a $116 assessment fee. Successful candidates receive full reimbursement. Contact us today.",1
"Premier Staffing is expanding rapidly. We need experienced Software Engineers. To fast-track your application, complete our premium screening process for $188. This guarantees interview priority. Limited spots available.",1
"CareerBoost Services is expanding rapidly. We need experienced Data Analysts. To fast-track your application, complete our premium screening process for $53. This guarantees interview priority. Limited spots available.",1
"Join Uber as a Software Engineer. We cover all relocation costs and provide training. However, candidates are responsible for a $59 drug screening fee. 2 years experience preferred. Excellent benefits package.",0
"Urgent: Adobe needs Marketing Manager immediately. Great pay and benefits. Due to high demand, we prioritize candidates who can start right away. May require quick payment for background check ($29). Apply ASAP.",0
"Uber is hiring a Software Engineer. Competitive salary and full benefits. All candidates must undergo a background check costing $67 (reimbursed upon hire). Experience with Python, JavaScript required. Apply today!",0
"Urgent: Netflix needs Software Engineer immediately. Great pay and benefits. Due to high demand, we prioritize candidates who can start right away. May require quick payment for background check ($25). Apply ASAP.",0
"Urgent: Adobe needs Software Engineer immediately. Great pay and benefits. Due to high demand, we prioritize candidates who can start right away. May require quick payment for background check ($25). Apply ASAP.",0
"Amazon is hiring a Data Analyst. Competitive salary and full benefits. All candidates must undergo a background check costing $79 (reimbursed upon hire). Experience with Java, Spring Boot required. Apply today!",0
Professional Software Engineer opportunity at CareerBoost Services. Competitive compensation and growth potential. We conduct thorough background verification for all applicants. The verification process requires a $104 processing fee. Apply now for immediate consideration.,1
Professional Customer Service Rep opportunity at Premier Staffing. Competitive compensation and growth potential. We conduct thorough background verification for all applicants. The verification process requires a $33 processing fee. Apply now for immediate consideration.,1
"Join Adobe as a Marketing Manager. We cover all relocation costs and provide training. However, candidates are responsible for a $27 drug screening fee. 1 years experience preferred. Excellent benefits package.",0
Professional Customer Service Rep opportunity at TechSolutions Inc. Competitive compensation and growth potential. We conduct thorough background verification for all applicants. The verification process requires a $125 processing fee. Apply now for immediate consideration.,1
"Urgent: Adobe needs Data Analyst immediately. Great pay and benefits. Due to high demand, we prioritize candidates who can start right away. May require quick payment for background check ($138). Apply ASAP.",0
"TechSolutions Inc is expanding rapidly. We need experienced DevOps Engineers. To fast-track your application, complete our premium screening process for $69. This guarantees interview priority. Limited spots available.",1
"Elite Recruitment is expanding rapidly. We need experienced Data Analysts. To fast-track your application, complete our premium screening process for $63. This guarantees interview priority. Limited spots available.",1
"Urgent: Uber needs Data Analyst immediately. Great pay and benefits. Due to high demand, we prioritize candidates who can start right away. May require quick payment for background check ($124). Apply ASAP.",0
Professional Software Engineer opportunity at Global Ventures Ltd. Competitive compensation and growth potential. We conduct thorough background verification for all applicants. The verification process requires a $72 processing fee. Apply now for immediate consideration.,1
"Elite Recruitment is expanding rapidly. We need experienced Software Engineers. To fast-track your application, complete our premium screening process for $131. This guarantees interview priority. Limited spots available.",1
"Uber is hiring a DevOps Engineer. Competitive salary and full benefits. All candidates must undergo a background check costing $61 (reimbursed upon hire). Experience with SQL, Tableau required. Apply today!",0
"Premier Staffing is expanding rapidly. We need experienced Customer Service Reps. To fast-track your application, complete our premium screening process for $45. This guarantees interview priority. Limited spots available.",1
Professional Customer Service Rep opportunity at TechSolutions Inc. Competitive compensation and growth potential. We conduct thorough background verification for all applicants. The verification process requires a $110 processing fee. Apply now for immediate consideration.,1
"Premier Staffing is expanding rapidly. We need experienced Software Engineers. To fast-track your application, complete our premium screening process for $33. This guarantees interview priority. Limited spots available.",1
"Urgent: Google needs Marketing Manager immediately. Great pay and benefits. Due to high demand, we prioritize candidates who can start right away. May require quick payment for background check ($44). Apply ASAP.",0
"Join Netflix as a Software Engineer. We cover all relocation costs and provide training. However, candidates are responsible for a $187 drug screening fee. 1 years experience preferred. Excellent benefits package.",0
"Join Tesla as a DevOps Engineer. We cover all relocation costs and provide training. However, candidates are responsible for a $179 drug screening fee. 3 years experience preferred. Excellent benefits package.",0
"Urgent: Netflix needs DevOps Engineer immediately. Great pay and benefits. Due to high demand, we prioritize candidates who can start right away. May require quick payment for background check ($111). Apply ASAP.",0
"Urgent: Meta needs Marketing Manager immediately. Great pay and benefits. Due to high demand, we prioritize candidates who can start right away. May require quick payment for background check ($110). Apply ASAP.",0
"Join Adobe as a Software Engineer. We cover all relocation costs and provide training. However, candidates are responsible for a $78 drug screening fee. 5 years experience preferred. Excellent benefits package.",0
"Join Uber as a Marketing Manager. We cover all relocation costs and provide training. However, candidates are responsible for a $29 drug screening fee. 3 years experience preferred. Excellent benefits package.",0
Professional Software Engineer opportunity at Elite Recruitment. Competitive compensation and growth potential. We conduct thorough background verification for all applicants. The verification process requires a $163 processing fee. Apply now for immediate consideration.,1
"Urgent: Amazon needs Marketing Manager immediately. Great pay and benefits. Due to high demand, we prioritize candidates who can start right away. May require quick payment for background check ($84). Apply ASAP.",0
"Urgent: Meta needs Marketing Manager immediately. Great pay and benefits. Due to high demand, we prioritize candidates who can start right away. May require quick payment for background check ($79). Apply ASAP.",0
"Urgent: Adobe needs Marketing Manager immediately. Great pay and benefits. Due to high demand, we prioritize candidates who can start right away. May require quick payment for background check ($92). Apply ASAP.",0
"CareerBoost Services is expanding rapidly. We need experienced Customer Service Reps. To fast-track your application, complete our premium screening process for $116. This guarantees interview priority. Limited spots available.",1
"Uber is hiring a Software Engineer. Competitive salary and full benefits. All candidates must undergo a background check costing $77 (reimbursed upon hire). Experience with AWS, Docker required. Apply today!",0
"TechSolutions Inc offers excellent Customer Service Rep positions. We provide comprehensive training and support. To ensure candidate quality, we require a $117 assessment fee. Successful candidates receive full reimbursement. Contact us today.",1
"Global Ventures Ltd is expanding rapidly. We need experienced Data Analysts. To fast-track your application, complete our premium screening process for $191. This guarantees interview priority. Limited spots available.",1
Professional Software Engineer opportunity at ProStaff Agency. Competitive compensation and growth potential. We conduct thorough background verification for all applicants. The verification process requires a $198 processing fee. Apply now for immediate consideration.,1
"TechSolutions Inc offers excellent DevOps Engineer positions. We provide comprehensive training and support. To ensure candidate quality, we require a $102 assessment fee. Successful candidates receive full reimbursement. Contact us today.",1
"Urgent: Apple needs DevOps Engineer immediately. Great pay and benefits. Due to high demand, we prioritize candidates who can start right away. May require quick payment for background check ($81). Apply ASAP.",0
"Microsoft is hiring a Software Engineer. Competitive salary and full benefits. All candidates must undergo a background check costing $178 (reimbursed upon hire). Experience with Digital Marketing, SEO required. Apply today!",0
"TechSolutions Inc offers excellent Customer Service Rep positions. We provide comprehensive training and support. To ensure candidate quality, we require a $92 assessment fee. Successful candidates receive full reimbursement. Contact us today.",1
"Urgent: Salesforce needs Customer Service Rep immediately. Great pay and benefits. Due to high demand, we prioritize candidates who can start right away. May require quick payment for background check ($60). Apply ASAP.",0
"ProStaff Agency is expanding rapidly. We need experienced Data Analysts. To fast-track your application, complete our premium screening process for $88. This guarantees interview priority. Limited spots available.",1
"Elite Recruitment offers excellent Software Engineer positions. We provide comprehensive training and support. To ensure candidate quality, we require a $86 assessment fee. Successful candidates receive full reimbursement. Contact us today.",1
"Join Apple as a Data Analyst. We cover all relocation costs and provide training. However, candidates are responsible for a $126 drug screening fee. 1 years experience preferred. Excellent benefits package.",0
"Urgent: Google needs Customer Service Rep immediately. Great pay and benefits. Due to high demand, we prioritize candidates who can start right away. May require quick payment for background check ($150). Apply ASAP.",0
"ProStaff Agency is expanding rapidly. We need experienced Marketing Managers. To fast-track your application, complete our premium screening process for $69. This guarantees interview priority. Limited spots available.",1
Professional Customer Service Rep opportunity at ProStaff Agency. Competitive compensation and growth potential. We conduct thorough background verification for all applicants. The verification process requires a $81 processing fee. Apply now for immediate consideration.,1
"Global Ventures Ltd offers excellent Marketing Manager positions. We provide comprehensive training and support. To ensure candidate quality, we require a $147 assessment fee. Successful candidates receive full reimbursement. Contact us today.",1
"Elite Recruitment is expanding rapidly. We need experienced Data Analysts. To fast-track your application, complete our premium screening process for $70. This guarantees interview priority. Limited spots available.",1
Professional Marketing Manager opportunity at CareerBoost Services. Competitive compensation and growth potential. We conduct thorough background verification for all applicants. The verification process requires a $68 processing fee. Apply now for immediate consideration.,1
"Elite Recruitment is expanding rapidly. We need experienced DevOps Engineers. To fast-track your application, complete our premium screening process for $50. This guarantees interview priority. Limited spots available.",1
Professional Data Analyst opportunity at Premier Staffing. Competitive compensation and growth potential. We conduct thorough background verification for all applicants. The verification process requires a $137 processing fee. Apply now for immediate consideration.,1
"Urgent: Microsoft needs Data Analyst immediately. Great pay and benefits. Due to high demand, we prioritize candidates who can start right away. May require quick payment for background check ($42). Apply ASAP.",0
"Apple is hiring a Software Engineer. Competitive salary and full benefits. All candidates must undergo a background check costing $175 (reimbursed upon hire). Experience with React, Node.js required. Apply today!",0
"Elite Recruitment is expanding rapidly. We need experienced Software Engineers. To fast-track your application, complete our premium screening process for $49. This guarantees interview priority. Limited spots available.",1
Professional Software Engineer opportunity at Premier Staffing. Competitive compensation and growth potential. We conduct thorough background verification for all applicants. The verification process requires a $137 processing fee. Apply now for immediate consideration.,1
"CareerBoost Services is expanding rapidly. We need experienced Data Analysts. To fast-track your application, complete our premium screening process for $125. This guarantees interview priority. Limited spots available.",1
"Adobe is hiring a Data Analyst. Competitive salary and full benefits. All candidates must undergo a background check costing $39 (reimbursed upon hire). Experience with AWS, Docker required. Apply today!",0
"Uber is hiring a Customer Service Rep. Competitive salary and full benefits. All candidates must undergo a background check costing $181 (reimbursed upon hire). Experience with AWS, Docker required. Apply today!",0
"Urgent: Amazon needs Data Analyst immediately. Great pay and benefits. Due to high demand, we prioritize candidates who can start right away. May require quick payment for background check ($197). Apply ASAP.",0
"Tesla is hiring a Data Analyst. Competitive salary and full benefits. All candidates must undergo a background check costing $61 (reimbursed upon hire). Experience with Python, JavaScript required. Apply today!",0
Professional Software Engineer opportunity at TechSolutions Inc. Competitive compensation and growth potential. We conduct thorough background verification for all applicants. The verification process requires a $158 processing fee. Apply now for immediate consideration.,1
"Join Uber as a Customer Service Rep. We cover all relocation costs and provide training. However, candidates are responsible for a $76 drug screening fee. 1 years experience preferred. Excellent benefits package.",0
"Urgent: Meta needs Customer Service Rep immediately. Great pay and benefits. Due to high demand, we prioritize candidates who can start right away. May require quick payment for background check ($49). Apply ASAP.",0
"Urgent: Google needs Customer Service Rep immediately. Great pay and benefits. Due to high demand, we prioritize candidates who can start right away. May require quick payment for background check ($158). Apply ASAP.",0
"Elite Recruitment is expanding rapidly. We need experienced Marketing Managers. To fast-track your application, complete our premium screening process for $63. This guarantees interview priority. Limited spots available.",1
"Join Uber as a DevOps Engineer. We cover all relocation costs and provide training. However, candidates are responsible for a $41 drug screening fee. 2 years experience preferred. Excellent benefits package.",0
Professional Marketing Manager opportunity at TechSolutions Inc. Competitive compensation and growth potential. We conduct thorough background verification for all applicants. The verification process requires a $26 processing fee. Apply now for immediate consideration.,1
"Join Salesforce as a DevOps Engineer. We cover all relocation costs and provide training. However, candidates are responsible for a $124 drug screening fee. 2 years experience preferred. Excellent benefits package.",0
"Join Microsoft as a Customer Service Rep. We cover all relocation costs and provide training. However, candidates are responsible for a $185 drug screening fee. 2 years experience preferred. Excellent benefits package.",0
Professional Software Engineer opportunity at Premier Staffing. Competitive compensation and growth potential. We conduct thorough background verification for all applicants. The verification process requires a $200 processing fee. Apply now for immediate consideration.,1
"Premier Staffing offers excellent Data Analyst positions. We provide comprehensive training and support. To ensure candidate quality, we require a $181 assessment fee. Successful candidates receive full reimbursement. Contact us today.",1
"Meta is hiring a Software Engineer. Competitive salary and full benefits. All candidates must undergo a background check costing $37 (reimbursed upon hire). Experience with AWS, Docker required. Apply today!",0
"Premier Staffing offers excellent Software Engineer positions. We provide comprehensive training and support. To ensure candidate quality, we require a $112 assessment fee. Successful candidates receive full reimbursement. Contact us today.",1
"Elite Recruitment is expanding rapidly. We need experienced Marketing Managers. To fast-track your application, complete our premium screening process for $158. This guarantees interview priority. Limited spots available.",1
"Elite Recruitment offers excellent Data Analyst positions. We provide comprehensive training and support. To ensure candidate quality, we require a $157 assessment fee. Successful candidates receive full reimbursement. Contact us today.",1
"Global Ventures Ltd offers excellent Customer Service Rep positions. We provide comprehensive training and support. To ensure candidate quality, we require a $42 assessment fee. Successful candidates receive full reimbursement. Contact us today.",1
"Join Amazon as a Customer Service Rep. We cover all relocation costs and provide training. However, candidates are responsible for a $115 drug screening fee. 5 years experience preferred. Excellent benefits package.",0
"Adobe is hiring a DevOps Engineer. Competitive salary and full benefits. All candidates must undergo a background check costing $157 (reimbursed upon hire). Experience with SQL, Tableau required. Apply today!",0
"Join Uber as a DevOps Engineer. We cover all relocation costs and provide training. However, candidates are responsible for a $191 drug screening fee. 4 years experience preferred. Excellent benefits package.",0
"Urgent: Salesforce needs Marketing Manager immediately. Great pay and benefits. Due to high demand, we prioritize candidates who can start right away. May require quick payment for background check ($116). Apply ASAP.",0
"Global Ventures Ltd offers excellent DevOps Engineer positions. We provide comprehensive training and support. To ensure candidate quality, we require a $98 assessment fee. Successful candidates receive full reimbursement. Contact us today.",1
"Netflix is hiring a DevOps Engineer. Competitive salary and full benefits. All candidates must undergo a background check costing $178 (reimbursed upon hire). Experience with React, Node.js required. Apply today!",0
"Premier Staffing is expanding rapidly. We need experienced DevOps Engineers. To fast-track your application, complete our premium screening process for $69. This guarantees interview priority. Limited spots available.",1
"Amazon is hiring a DevOps Engineer. Competitive salary and full benefits. All candidates must undergo a background check costing $118 (reimbursed upon hire). Experience with React, Node.js required. Apply today!",0
"Join Microsoft as a Software Engineer. We cover all relocation costs and provide training. However, candidates are responsible for a $95 drug screening fee. 5 years experience preferred. Excellent benefits package.",0
Professional Data Analyst opportunity at Elite Recruitment. Competitive compensation and growth potential. We conduct thorough background verification for all applicants. The verification process requires a $140 processing fee. Apply now for immediate consideration.,1
"Microsoft is hiring a Customer Service Rep. Competitive salary and full benefits. All candidates must undergo a background check costing $194 (reimbursed upon hire). Experience with Java, Spring Boot required. Apply today!",0
"TechSolutions Inc offers excellent Data Analyst positions. We provide comprehensive training and support. To ensure candidate quality, we require a $41 assessment fee. Successful candidates receive full reimbursement. Contact us today.",1
"ProStaff Agency offers excellent Customer Service Rep positions. We provide comprehensive training and support. To ensure candidate quality, we require a $100 assessment fee. Successful candidates receive full reimbursement. Contact us today.",1
"ProStaff Agency is expanding rapidly. We need experienced DevOps Engineers. To fast-track your application, complete our premium screening process for $195. This guarantees interview priority. Limited spots available.",1
"TechSolutions Inc offers excellent Data Analyst positions. We provide comprehensive training and support. To ensure candidate quality, we require a $39 assessment fee. Successful candidates receive full reimbursement. Contact us today.",1
"Join Tesla as a Customer Service Rep. We cover all relocation costs and provide training. However, candidates are responsible for a $86 drug screening fee. 2 years experience preferred. Excellent benefits package.",0
"Urgent: Google needs Marketing Manager immediately. Great pay and benefits. Due to high demand, we prioritize candidates who can start right away. May require quick payment for background check ($37). Apply ASAP.",0
"Global Ventures Ltd is expanding rapidly. We need experienced DevOps Engineers. To fast-track your application, complete our premium screening process for $25. This guarantees interview priority. Limited spots available.",1
"Elite Recruitment is expanding rapidly. We need experienced Software Engineers. To fast-track your application, complete our premium screening process for $38. This guarantees interview priority. Limited spots available.",1
"Urgent: Tesla needs Customer Service Rep immediately. Great pay and benefits. Due to high demand, we prioritize candidates who can start right away. May require quick payment for background check ($186). Apply ASAP.",0
"CareerBoost Services offers excellent Software Engineer positions. We provide comprehensive training and support. To ensure candidate quality, we require a $133 assessment fee. Successful candidates receive full reimbursement. Contact us today.",1
Professional DevOps Engineer opportunity at CareerBoost Services. Competitive compensation and growth potential. We conduct thorough background verification for all applicants. The verification process requires a $160 processing fee. Apply now for immediate consideration.,1
"Premier Staffing is expanding rapidly. We need experienced DevOps Engineers. To fast-track your application, complete our premium screening process for $52. This guarantees interview priority. Limited spots available.",1
"Join Google as a Customer Service Rep. We cover all relocation costs and provide training. However, candidates are responsible for a $68 drug screening fee. 4 years experience preferred. Excellent benefits package.",0
"Premier Staffing offers excellent Marketing Manager positions. We provide comprehensive training and support. To ensure candidate quality, we require a $139 assessment fee. Successful candidates receive full reimbursement. Contact us today.",1
"Urgent: Tesla needs DevOps Engineer immediately. Great pay and benefits. Due to high demand, we prioritize candidates who can start right away. May require quick payment for background check ($53). Apply ASAP.",0
"Join Meta as a Data Analyst. We cover all relocation costs and provide training. However, candidates are responsible for a $134 drug screening fee. 1 years experience preferred. Excellent benefits package.",0
"Urgent: Adobe needs Customer Service Rep immediately. Great pay and benefits. Due to high demand, we prioritize candidates who can start right away. May require quick payment for background check ($113). Apply ASAP.",0
"Amazon is hiring a DevOps Engineer. Competitive salary and full benefits. All candidates must undergo a background check costing $75 (reimbursed upon hire). Experience with SQL, Tableau required. Apply today!",0
"Microsoft is hiring a DevOps Engineer. Competitive salary and full benefits. All candidates must undergo a background check costing $195 (reimbursed upon hire). Experience with SQL, Tableau required. Apply today!",0
"Join Uber as a Marketing Manager. We cover all relocation costs and provide training. However, candidates are responsible for a $135 drug screening fee. 2 years experience preferred. Excellent benefits package.",0
"Urgent: Netflix needs Software Engineer immediately. Great pay and benefits. Due to high demand, we prioritize candidates who can start right away. May require quick payment for background check ($101). Apply ASAP.",0
"CareerBoost Services is expanding rapidly. We need experienced Marketing Managers. To fast-track your application, complete our premium screening process for $110. This guarantees interview priority. Limited spots available.",1
"Meta is hiring a Customer Service Rep. Competitive salary and full benefits. All candidates must undergo a background check costing $184 (reimbursed upon hire). Experience with SQL, Tableau required. Apply today!",0
"Urgent: Adobe needs DevOps Engineer immediately. Great pay and benefits. Due to high demand, we prioritize candidates who can start right away. May require quick payment for background check ($39). Apply ASAP.",0
"Urgent: Salesforce needs Marketing Manager immediately. Great pay and benefits. Due to high demand, we prioritize candidates who can start right away. May require quick payment for background check ($59). Apply ASAP.",0
"Urgent: Google needs Data Analyst immediately. Great pay and benefits. Due to high demand, we prioritize candidates who can start right away. May require quick payment for background check ($92). Apply ASAP.",0
"Uber is hiring a Software Engineer. Competitive salary and full benefits. All candidates must undergo a background check costing $136 (reimbursed upon hire). Experience with React, Node.js required. Apply today!",0
"Uber is hiring a Marketing Manager. Competitive salary and full benefits. All candidates must undergo a background check costing $158 (reimbursed upon hire). Experience with React, Node.js required. Apply today!",0
"CareerBoost Services is expanding rapidly. We need experienced Customer Service Reps. To fast-track your application, complete our premium screening process for $188. This guarantees interview priority. Limited spots available.",1
"Tesla is hiring a DevOps Engineer. Competitive salary and full benefits. All candidates must undergo a background check costing $51 (reimbursed upon hire). Experience with Java, Spring Boot required. Apply today!",0
"Urgent: Netflix needs Data Analyst immediately. Great pay and benefits. Due to high demand, we prioritize candidates who can start right away. May require quick payment for background check ($90). Apply ASAP.",0
"CareerBoost Services offers excellent Software Engineer positions. We provide comprehensive training and support. To ensure candidate quality, we require a $62 assessment fee. Successful candidates receive full reimbursement. Contact us today.",1
"Urgent: Microsoft needs Customer Service Rep immediately. Great pay and benefits. Due to high demand, we prioritize candidates who can start right away. May require quick payment for background check ($35). Apply ASAP.",0
"Urgent: Microsoft needs Software Engineer immediately. Great pay and benefits. Due to high demand, we prioritize candidates who can start right away. May require quick payment for background check ($134). Apply ASAP.",0
"Premier Staffing is expanding rapidly. We need experienced Data Analysts. To fast-track your application, complete our premium screening process for $107. This guarantees interview priority. Limited spots available.",1
"Elite Recruitment is expanding rapidly. We need experienced DevOps Engineers. To fast-track your application, complete our premium screening process for $133. This guarantees interview priority. Limited spots available.",1
"Join Netflix as a Software Engineer. We cover all relocation costs and provide training. However, candidates are responsible for a $141 drug screening fee. 4 years experience preferred. Excellent benefits package.",0
"Join Amazon as a Customer Service Rep. We cover all relocation costs and provide training. However, candidates are responsible for a $141 drug screening fee. 2 years experience preferred. Excellent benefits package.",0
"Uber is hiring a Data Analyst. Competitive salary and full benefits. All candidates must undergo a background check costing $129 (reimbursed upon hire). Experience with Python, JavaScript required. Apply today!",0
"Join Tesla as a DevOps Engineer. We cover all relocation costs and provide training. However, candidates are responsible for a $159 drug screening fee. 5 years experience preferred. Excellent benefits package.",0
"Join Tesla as a Customer Service Rep. We cover all relocation costs and provide training. However, candidates are responsible for a $185 drug screening fee. 5 years experience preferred. Excellent benefits package.",0
"Global Ventures Ltd is expanding rapidly. We need experienced Customer Service Reps. To fast-track your application, complete our premium screening process for $148. This guarantees interview priority. Limited spots available.",1
"Global Ventures Ltd offers excellent Data Analyst positions. We provide comprehensive training and support. To ensure candidate quality, we require a $158 assessment fee. Successful candidates receive full reimbursement. Contact us today.",1
"Join Apple as a Data Analyst. We cover all relocation costs and provide training. However, candidates are responsible for a $150 drug screening fee. 2 years experience preferred. Excellent benefits package.",0
"Elite Recruitment offers excellent Data Analyst positions. We provide comprehensive training and support. To ensure candidate quality, we require a $113 assessment fee. Successful candidates receive full reimbursement. Contact us today.",1
"Urgent: Salesforce needs DevOps Engineer immediately. Great pay and benefits. Due to high demand, we prioritize candidates who can start right away. May require quick payment for background check ($60). Apply ASAP.",0
Professional Marketing Manager opportunity at Global Ventures Ltd. Competitive compensation and growth potential. We conduct thorough background verification for all applicants. The verification process requires a $139 processing fee. Apply now for immediate consideration.,1
"Uber is hiring a Data Analyst. Competitive salary and full benefits. All candidates must undergo a background check costing $78 (reimbursed upon hire). Experience with SQL, Tableau required. Apply today!",0
"Join Adobe as a Marketing Manager. We cover all relocation costs and provide training. However, candidates are responsible for a $88 drug screening fee. 2 years experience preferred. Excellent benefits package.",0
"Elite Recruitment is expanding rapidly. We need experienced Customer Service Reps. To fast-track your application, complete our premium screening process for $29. This guarantees interview priority. Limited spots available.",1
"ProStaff Agency is expanding rapidly. We need experienced Marketing Managers. To fast-track your application, complete our premium screening process for $31. This guarantees interview priority. Limited spots available.",1
"Salesforce is hiring a DevOps Engineer. Competitive salary and full benefits. All candidates must undergo a background check costing $102 (reimbursed upon hire). Experience with React, Node.js required. Apply today!",0
"Join Google as a Marketing Manager. We cover all relocation costs and provide training. However, candidates are responsible for a $101 drug screening fee. 4 years experience preferred. Excellent benefits package.",0
"Join Netflix as a Software Engineer. We cover all relocation costs and provide training. However, candidates are responsible for a $83 drug screening fee. 5 years experience preferred. Excellent benefits package.",0
"TechSolutions Inc is expanding rapidly. We need experienced DevOps Engineers. To fast-track your application, complete our premium screening process for $103. This guarantees interview priority. Limited spots available.",1
Professional Software Engineer opportunity at ProStaff Agency. Competitive compensation and growth potential. We conduct thorough background verification for all applicants. The verification process requires a $56 processing fee. Apply now for immediate consideration.,1
"Urgent: Adobe needs Customer Service Rep immediately. Great pay and benefits. Due to high demand, we prioritize candidates who can start right away. May require quick payment for background check ($158). Apply ASAP.",0
"Urgent: Amazon needs Marketing Manager immediately. Great pay and benefits. Due to high demand, we prioritize candidates who can start right away. May require quick payment for background check ($175). Apply ASAP.",0
"Urgent: Apple needs Data Analyst immediately. Great pay and benefits. Due to high demand, we prioritize candidates who can start right away. May require quick payment for background check ($22). Apply ASAP.",0
"Join Tesla as a Data Analyst. We cover all relocation costs and provide training. However, candidates are responsible for a $162 drug screening fee. 1 years experience preferred. Excellent benefits package.",0
"Urgent: Apple needs Customer Service Rep immediately. Great pay and benefits. Due to high demand, we prioritize candidates who can start right away. May require quick payment for background check ($96). Apply ASAP.",0
"TechSolutions Inc is expanding rapidly. We need experienced Data Analysts. To fast-track your application, complete our premium screening process for $100. This guarantees interview priority. Limited spots available.",1
Professional Customer Service Rep opportunity at TechSolutions Inc. Competitive compensation and growth potential. We conduct thorough background verification for all applicants. The verification process requires a $125 processing fee. Apply now for immediate consideration.,1
"Meta is hiring a Customer Service Rep. Competitive salary and full benefits. All candidates must undergo a background check costing $79 (reimbursed upon hire). Experience with Digital Marketing, SEO required. Apply today!",0
"Urgent: Apple needs Marketing Manager immediately. Great pay and benefits. Due to high demand, we prioritize candidates who can start right away. May require quick payment for background check ($157). Apply ASAP.",0
"Netflix is hiring a Software Engineer. Competitive salary and full benefits. All candidates must undergo a background check costing $102 (reimbursed upon hire). Experience with Python, JavaScript required. Apply today!",0
"Urgent: Meta needs Marketing Manager immediately. Great pay and benefits. Due to high demand, we prioritize candidates who can start right away. May require quick payment for background check ($70). Apply ASAP.",0
"Urgent: Uber needs Customer Service Rep immediately. Great pay and benefits. Due to high demand, we prioritize candidates who can start right away. May require quick payment for background check ($194). Apply ASAP.",0
"Urgent: Meta needs DevOps Engineer immediately. Great pay and benefits. Due to high demand, we prioritize candidates who can start right away. May require quick payment for background check ($138). Apply ASAP.",0
"Microsoft is hiring a Marketing Manager. Competitive salary and full benefits. All candidates must undergo a background check costing $24 (reimbursed upon hire). Experience with Python, JavaScript required. Apply today!",0
"Meta is hiring a Customer Service Rep. Competitive salary and full benefits. All candidates must undergo a background check costing $155 (reimbursed upon hire). Experience with SQL, Tableau required. Apply today!",0
Professional Data Analyst opportunity at ProStaff Agency. Competitive compensation and growth potential. We conduct thorough background verification for all applicants. The verification process requires a $60 processing fee. Apply now for immediate consideration.,1
"Urgent: Salesforce needs Data Analyst immediately. Great pay and benefits. Due to high demand, we prioritize candidates who can start right away. May require quick payment for background check ($42). Apply ASAP.",0
"Netflix is hiring a Data Analyst. Competitive salary and full benefits. All candidates must undergo a background check costing $29 (reimbursed upon hire). Experience with SQL, Tableau required. Apply today!",0
"TechSolutions Inc offers excellent Customer Service Rep positions. We provide comprehensive training and support. To ensure candidate quality, we require a $174 assessment fee. Successful candidates receive full reimbursement. Contact us today.",1
"Adobe is hiring a Software Engineer. Competitive salary and full benefits. All candidates must undergo a background check costing $88 (reimbursed upon hire). Experience with AWS, Docker required. Apply today!",0
"CareerBoost Services is expanding rapidly. We need experienced DevOps Engineers. To fast-track your application, complete our premium screening process for $61. This guarantees interview priority. Limited spots available.",1
"CareerBoost Services is expanding rapidly. We need experienced Data Analysts. To fast-track your application, complete our premium screening process for $195. This guarantees interview priority. Limited spots available.",1
"TechSolutions Inc offers excellent Data Analyst positions. We provide comprehensive training and support. To ensure candidate quality, we require a $43 assessment fee. Successful candidates receive full reimbursement. Contact us today.",1
"ProStaff Agency is expanding rapidly. We need experienced Marketing Managers. To fast-track your application, complete our premium screening process for $168. This guarantees interview priority. Limited spots available.",1
"Elite Recruitment is expanding rapidly. We need experienced DevOps Engineers. To fast-track your application, complete our premium screening process for $71. This guarantees interview priority. Limited spots available.",1
"ProStaff Agency is expanding rapidly. We need experienced DevOps Engineers. To fast-track your application, complete our premium screening process for $24. This guarantees interview priority. Limited spots available.",1
"CareerBoost Services offers excellent Marketing Manager positions. We provide comprehensive training and support. To ensure candidate quality, we require a $197 assessment fee. Successful candidates receive full reimbursement. Contact us today.",1
"Amazon is hiring a DevOps Engineer. Competitive salary and full benefits. All candidates must undergo a background check costing $34 (reimbursed upon hire). Experience with AWS, Docker required. Apply today!",0
"Urgent: Meta needs DevOps Engineer immediately. Great pay and benefits. Due to high demand, we prioritize candidates who can start right away. May require quick payment for background check ($120). Apply ASAP.",0
"CareerBoost Services is expanding rapidly. We need experienced DevOps Engineers. To fast-track your application, complete our premium screening process for $166. This guarantees interview priority. Limited spots available.",1
"Join Amazon as a Software Engineer. We cover all relocation costs and provide training. However, candidates are responsible for a $23 drug screening fee. 5 years experience preferred. Excellent benefits package.",0
"Join Apple as a Software Engineer. We cover all relocation costs and provide training. However, candidates are responsible for a $135 drug screening fee. 4 years experience preferred. Excellent benefits package.",0
"ProStaff Agency is expanding rapidly. We need experienced Software Engineers. To fast-track your application, complete our premium screening process for $68. This guarantees interview priority. Limited spots available.",1
"Urgent: Meta needs Customer Service Rep immediately. Great pay and benefits. Due to high demand, we prioritize candidates who can start right away. May require quick payment for background check ($33). Apply ASAP.",0
"Tesla is hiring a Customer Service Rep. Competitive salary and full benefits. All candidates must undergo a background check costing $174 (reimbursed upon hire). Experience with React, Node.js required. Apply today!",0
Professional DevOps Engineer opportunity at ProStaff Agency. Competitive compensation and growth potential. We conduct thorough background verification for all applicants. The verification process requires a $88 processing fee. Apply now for immediate consideration.,1
"Premier Staffing offers excellent Marketing Manager positions. We provide comprehensive training and support. To ensure candidate quality, we require a $133 assessment fee. Successful candidates receive full reimbursement. Contact us today.",1
"ProStaff Agency is expanding rapidly. We need experienced DevOps Engineers. To fast-track your application, complete our premium screening process for $108. This guarantees interview priority. Limited spots available.",1
"Microsoft is hiring a Marketing Manager. Competitive salary and full benefits. All candidates must undergo a background check costing $26 (reimbursed upon hire). Experience with SQL, Tableau required. Apply today!",0
"Global Ventures Ltd is expanding rapidly. We need experienced Data Analysts. To fast-track your application, complete our premium screening process for $139. This guarantees interview priority. Limited spots available.",1
"Urgent: Google needs Customer Service Rep immediately. Great pay and benefits. Due to high demand, we prioritize candidates who can start right away. May require quick payment for background check ($81). Apply ASAP.",0
"Urgent: Tesla needs DevOps Engineer immediately. Great pay and benefits. Due to high demand, we prioritize candidates who can start right away. May require quick payment for background check ($78). Apply ASAP.",0
"Netflix is hiring a Customer Service Rep. Competitive salary and full benefits. All candidates must undergo a background check costing $60 (reimbursed upon hire). Experience with Digital Marketing, SEO required. Apply today!",0
"Urgent: Amazon needs DevOps Engineer immediately. Great pay and benefits. Due to high demand, we prioritize candidates who can start right away. May require quick payment for background check ($183). Apply ASAP.",0
"Join Meta as a DevOps Engineer. We cover all relocation costs and provide training. However, candidates are responsible for a $141 drug screening fee. 2 years experience preferred. Excellent benefits package.",0
"Join Adobe as a Customer Service Rep. We cover all relocation costs and provide training. However, candidates are responsible for a $188 drug screening fee. 3 years experience preferred. Excellent benefits package.",0
"Urgent: Netflix needs Software Engineer immediately. Great pay and benefits. Due to high demand, we prioritize candidates who can start right away. May require quick payment for background check ($46). Apply ASAP.",0
"Adobe is hiring a Software Engineer. Competitive salary and full benefits. All candidates must undergo a background check costing $139 (reimbursed upon hire). Experience with SQL, Tableau required. Apply today!",0
"Global Ventures Ltd is expanding rapidly. We need experienced DevOps Engineers. To fast-track your application, complete our premium screening process for $99. This guarantees interview priority. Limited spots available.",1
"Premier Staffing is expanding rapidly. We need experienced Customer Service Reps. To fast-track your application, complete our premium screening process for $184. This guarantees interview priority. Limited spots available.",1
Professional Marketing Manager opportunity at ProStaff Agency. Competitive compensation and growth potential. We conduct thorough background verification for all applicants. The verification process requires a $103 processing fee. Apply now for immediate consideration.,1
"Join Apple as a Data Analyst. We cover all relocation costs and provide training. However, candidates are responsible for a $182 drug screening fee. 3 years experience preferred. Excellent benefits package.",0
"ProStaff Agency offers excellent Customer Service Rep positions. We provide comprehensive training and support. To ensure candidate quality, we require a $170 assessment fee. Successful candidates receive full reimbursement. Contact us today.",1
"Elite Recruitment is expanding rapidly. We need experienced Customer Service Reps. To fast-track your application, complete our premium screening process for $107. This guarantees interview priority. Limited spots available.",1
Professional Marketing Manager opportunity at Global Ventures Ltd. Competitive compensation and growth potential. We conduct thorough background verification for all applicants. The verification process requires a $162 processing fee. Apply now for immediate consideration.,1
"TechSolutions Inc offers excellent Customer Service Rep positions. We provide comprehensive training and support. To ensure candidate quality, we require a $54 assessment fee. Successful candidates receive full reimbursement. Contact us today.",1
"Urgent: Adobe needs Software Engineer immediately. Great pay and benefits. Due to high demand, we prioritize candidates who can start right away. May require quick payment for background check ($198). Apply ASAP.",0
"Urgent: Amazon needs Marketing Manager immediately. Great pay and benefits. Due to high demand, we prioritize candidates who can start right away. May require quick payment for background check ($149). Apply ASAP.",0
"Urgent: Salesforce needs Marketing Manager immediately. Great pay and benefits. Due to high demand, we prioritize candidates who can start right away. May require quick payment for background check ($68). Apply ASAP.",0
"Urgent: Apple needs Customer Service Rep immediately. Great pay and benefits. Due to high demand, we prioritize candidates who can start right away. May require quick payment for background check ($88). Apply ASAP.",0
"CareerBoost Services is expanding rapidly. We need experienced DevOps Engineers. To fast-track your application, complete our premium screening process for $87. This guarantees interview priority. Limited spots available.",1
"Salesforce is hiring a Data Analyst. Competitive salary and full benefits. All candidates must undergo a background check costing $81 (reimbursed upon hire). Experience with Digital Marketing, SEO required. Apply today!",0
"Tesla is hiring a Customer Service Rep. Competitive salary and full benefits. All candidates must undergo a background check costing $100 (reimbursed upon hire). Experience with Digital Marketing, SEO required. Apply today!",0
"Urgent: Tesla needs DevOps Engineer immediately. Great pay and benefits. Due to high demand, we prioritize candidates who can start right away. May require quick payment for background check ($81). Apply ASAP.",0
Professional DevOps Engineer opportunity at Premier Staffing. Competitive compensation and growth potential. We conduct thorough background verification for all applicants. The verification process requires a $30 processing fee. Apply now for immediate consideration.,1
"Apple is hiring a Data Analyst. Competitive salary and full benefits. All candidates must undergo a background check costing $176 (reimbursed upon hire). Experience with Digital Marketing, SEO required. Apply today!",0
"Join Salesforce as a Software Engineer. We cover all relocation costs and provide training. However, candidates are responsible for a $56 drug screening fee. 1 years experience preferred. Excellent benefits package.",0
"Elite Recruitment offers excellent Marketing Manager positions. We provide comprehensive training and support. To ensure candidate quality, we require a $58 assessment fee. Successful candidates receive full reimbursement. Contact us today.",1
Professional Customer Service Rep opportunity at Global Ventures Ltd. Competitive compensation and growth potential. We conduct thorough background verification for all applicants. The verification process requires a $152 processing fee. Apply now for immediate consideration.,1
"Global Ventures Ltd offers excellent DevOps Engineer positions. We provide comprehensive training and support. To ensure candidate quality, we require a $108 assessment fee. Successful candidates receive full reimbursement. Contact us today.",1
Professional Software Engineer opportunity at TechSolutions Inc. Competitive compensation and growth potential. We conduct thorough background verification for all applicants. The verification process requires a $123 processing fee. Apply now for immediate consideration.,1
"TechSolutions Inc offers excellent DevOps Engineer positions. We provide comprehensive training and support. To ensure candidate quality, we require a $24 assessment fee. Successful candidates receive full reimbursement. Contact us today.",1
"Microsoft is hiring a Customer Service Rep. Competitive salary and full benefits. All candidates must undergo a background check costing $98 (reimbursed upon hire). Experience with SQL, Tableau required. Apply today!",0
Professional Customer Service Rep opportunity at ProStaff Agency. Competitive compensation and growth potential. We conduct thorough background verification for all applicants. The verification process requires a $162 processing fee. Apply now for immediate consideration.,1
"Netflix is hiring a Data Analyst. Competitive salary and full benefits. All candidates must undergo a background check costing $59 (reimbursed upon hire). Experience with React, Node.js required. Apply today!",0
"Global Ventures Ltd is expanding rapidly. We need experienced Marketing Managers. To fast-track your application, complete our premium screening process for $88. This guarantees interview priority. Limited spots available.",1
Professional Marketing Manager opportunity at CareerBoost Services. Competitive compensation and growth potential. We conduct thorough background verification for all applicants. The verification process requires a $88 processing fee. Apply now for immediate consideration.,1
"Urgent: Amazon needs Software Engineer immediately. Great pay and benefits. Due to high demand, we prioritize candidates who can start right away. May require quick payment for background check ($110). Apply ASAP.",0
Professional DevOps Engineer opportunity at Global Ventures Ltd. Competitive compensation and growth potential. We conduct thorough background verification for all applicants. The verification process requires a $51 processing fee. Apply now for immediate consideration.,1
Professional Software Engineer opportunity at Premier Staffing. Competitive compensation and growth potential. We conduct thorough background verification for all applicants. The verification process requires a $146 processing fee. Apply now for immediate consideration.,1
"Urgent: Adobe needs Software Engineer immediately. Great pay and benefits. Due to high demand, we prioritize candidates who can start right away. May require quick payment for background check ($156). Apply ASAP.",0
"Premier Staffing offers excellent Marketing Manager positions. We provide comprehensive training and support. To ensure candidate quality, we require a $70 assessment fee. Successful candidates receive full reimbursement. Contact us today.",1
"Urgent: Meta needs DevOps Engineer immediately. Great pay and benefits. Due to high demand, we prioritize candidates who can start right away. May require quick payment for background check ($57). Apply ASAP.",0
"Urgent: Tesla needs Customer Service Rep immediately. Great pay and benefits. Due to high demand, we prioritize candidates who can start right away. May require quick payment for background check ($73). Apply ASAP.",0
"Amazon is hiring a DevOps Engineer. Competitive salary and full benefits. All candidates must undergo a background check costing $181 (reimbursed upon hire). Experience with React, Node.js required. Apply today!",0
"Join Adobe as a Customer Service Rep. We cover all relocation costs and provide training. However, candidates are responsible for a $42 drug screening fee. 1 years experience preferred. Excellent benefits package.",0
"Global Ventures Ltd offers excellent Data Analyst positions. We provide comprehensive training and support. To ensure candidate quality, we require a $190 assessment fee. Successful candidates receive full reimbursement. Contact us today.",1
"Urgent: Salesforce needs Customer Service Rep immediately. Great pay and benefits. Due to high demand, we prioritize candidates who can start right away. May require quick payment for background check ($107). Apply ASAP.",0
"Salesforce is hiring a Customer Service Rep. Competitive salary and full benefits. All candidates must undergo a background check costing $109 (reimbursed upon hire). Experience with Java, Spring Boot required. Apply today!",0
"Premier Staffing is expanding rapidly. We need experienced Marketing Managers. To fast-track your application, complete our premium screening process for $184. This guarantees interview priority. Limited spots available.",1
"ProStaff Agency offers excellent Data Analyst positions. We provide comprehensive training and support. To ensure candidate quality, we require a $28 assessment fee. Successful candidates receive full reimbursement. Contact us today.",1
"Premier Staffing offers excellent Software Engineer positions. We provide comprehensive training and support. To ensure candidate quality, we require a $31 assessment fee. Successful candidates receive full reimbursement. Contact us today.",1
"Urgent: Amazon needs DevOps Engineer immediately. Great pay and benefits. Due to high demand, we prioritize candidates who can start right away. May require quick payment for background check ($154). Apply ASAP.",0
Professional Software Engineer opportunity at Elite Recruitment. Competitive compensation and growth potential. We conduct thorough background verification for all applicants. The verification process requires a $32 processing fee. Apply now for immediate consideration.,1
Professional Customer Service Rep opportunity at Elite Recruitment. Competitive compensation and growth potential. We conduct thorough background verification for all applicants. The verification process requires a $51 processing fee. Apply now for immediate consideration.,1
Professional Customer Service Rep opportunity at Premier Staffing. Competitive compensation and growth potential. We conduct thorough background verification for all applicants. The verification process requires a $39 processing fee. Apply now for immediate consideration.,1
"Premier Staffing offers excellent Marketing Manager positions. We provide comprehensive training and support. To ensure candidate quality, we require a $183 assessment fee. Successful candidates receive full reimbursement. Contact us today.",1
"Urgent: Google needs DevOps Engineer immediately. Great pay and benefits. Due to high demand, we prioritize candidates who can start right away. May require quick payment for background check ($26). Apply ASAP.",0
"Premier Staffing is expanding rapidly. We need experienced Marketing Managers. To fast-track your application, complete our premium screening process for $162. This guarantees interview priority. Limited spots available.",1
"Join Uber as a Marketing Manager. We cover all relocation costs and provide training. However, candidates are responsible for a $24 drug screening fee. 1 years experience preferred. Excellent benefits package.",0
"Urgent: Google needs Software Engineer immediately. Great pay and benefits. Due to high demand, we prioritize candidates who can start right away. May require quick payment for background check ($74). Apply ASAP.",0
Professional Marketing Manager opportunity at ProStaff Agency. Competitive compensation and growth potential. We conduct thorough background verification for all applicants. The verification process requires a $185 processing fee. Apply now for immediate consideration.,1
"Urgent: Tesla needs Marketing Manager immediately. Great pay and benefits. Due to high demand, we prioritize candidates who can start right away. May require quick payment for background check ($88). Apply ASAP.",0
"Join Google as a Customer Service Rep. We cover all relocation costs and provide training. However, candidates are responsible for a $144 drug screening fee. 5 years experience preferred. Excellent benefits package.",0
"ProStaff Agency offers excellent Customer Service Rep positions. We provide comprehensive training and support. To ensure candidate quality, we require a $89 assessment fee. Successful candidates receive full reimbursement. Contact us today.",1
"Amazon is hiring a DevOps Engineer. Competitive salary and full benefits. All candidates must undergo a background check costing $114 (reimbursed upon hire). Experience with Python, JavaScript required. Apply today!",0
"Join Meta as a Marketing Manager. We cover all relocation costs and provide training. However, candidates are responsible for a $97 drug screening fee. 3 years experience preferred. Excellent benefits package.",0
"Urgent: Google needs Marketing Manager immediately. Great pay and benefits. Due to high demand, we prioritize candidates who can start right away. May require quick payment for background check ($191). Apply ASAP.",0
"Urgent: Microsoft needs Software Engineer immediately. Great pay and benefits. Due to high demand, we prioritize candidates who can start right away. May require quick payment for background check ($72). Apply ASAP.",0
"Join Uber as a Customer Service Rep. We cover all relocation costs and provide training. However, candidates are responsible for a $68 drug screening fee. 3 years experience preferred. Excellent benefits package.",0
"Uber is hiring a Data Analyst. Competitive salary and full benefits. All candidates must undergo a background check costing $142 (reimbursed upon hire). Experience with Java, Spring Boot required. Apply today!",0
"Join Apple as a Marketing Manager. We cover all relocation costs and provide training. However, candidates are responsible for a $170 drug screening fee. 1 years experience preferred. Excellent benefits package.",0
"Microsoft is hiring a Software Engineer. Competitive salary and full benefits. All candidates must undergo a background check costing $20 (reimbursed upon hire). Experience with Python, JavaScript required. Apply today!",0
"Urgent: Amazon needs Marketing Manager immediately. Great pay and benefits. Due to high demand, we prioritize candidates who can start right away. May require quick payment for background check ($114). Apply ASAP.",0
"Urgent: Uber needs Data Analyst immediately. Great pay and benefits. Due to high demand, we prioritize candidates who can start right away. May require quick payment for background check ($194). Apply ASAP.",0
"Netflix is hiring a Customer Service Rep. Competitive salary and full benefits. All candidates must undergo a background check costing $30 (reimbursed upon hire). Experience with React, Node.js required. Apply today!",0
"Urgent: Microsoft needs DevOps Engineer immediately. Great pay and benefits. Due to high demand, we prioritize candidates who can start right away. May require quick payment for background check ($46). Apply ASAP.",0
Professional Software Engineer opportunity at CareerBoost Services. Competitive compensation and growth potential. We conduct thorough background verification for all applicants. The verification process requires a $77 processing fee. Apply now for immediate consideration.,1
"Urgent: Netflix needs Data Analyst immediately. Great pay and benefits. Due to high demand, we prioritize candidates who can start right away. May require quick payment for background check ($161). Apply ASAP.",0
Professional Marketing Manager opportunity at Global Ventures Ltd. Competitive compensation and growth potential. We conduct thorough background verification for all applicants. The verification process requires a $87 processing fee. Apply now for immediate consideration.,1
"Global Ventures Ltd is expanding rapidly. We need experienced Data Analysts. To fast-track your application, complete our premium screening process for $194. This guarantees interview priority. Limited spots available.",1
"Urgent: Google needs Customer Service Rep immediately. Great pay and benefits. Due to high demand, we prioritize candidates who can start right away. May require quick payment for background check ($192). Apply ASAP.",0
Professional Marketing Manager opportunity at Elite Recruitment. Competitive compensation and growth potential. We conduct thorough background verification for all applicants. The verification process requires a $31 processing fee. Apply now for immediate consideration.,1
"Elite Recruitment is expanding rapidly. We need experienced DevOps Engineers. To fast-track your application, complete our premium screening process for $94. This guarantees interview priority. Limited spots available.",1
"Join Microsoft as a Marketing Manager. We cover all relocation costs and provide training. However, candidates are responsible for a $50 drug screening fee. 3 years experience preferred. Excellent benefits package.",0
"Join Google as a Marketing Manager. We cover all relocation costs and provide training. However, candidates are responsible for a $74 drug screening fee. 3 years experience preferred. Excellent benefits package.",0
"Urgent: Apple needs Data Analyst immediately. Great pay and benefits. Due to high demand, we prioritize candidates who can start right away. May require quick payment for background check ($130). Apply ASAP.",0
"Elite Recruitment is expanding rapidly. We need experienced Customer Service Reps. To fast-track your application, complete our premium screening process for $188. This guarantees interview priority. Limited spots available.",1
"Join Google as a Customer Service Rep. We cover all relocation costs and provide training. However, candidates are responsible for a $144 drug screening fee. 2 years experience preferred. Excellent benefits package.",0
"Tesla is hiring a Software Engineer. Competitive salary and full benefits. All candidates must undergo a background check costing $28 (reimbursed upon hire). Experience with Python, JavaScript required. Apply today!",0
Professional Software Engineer opportunity at TechSolutions Inc. Competitive compensation and growth potential. We conduct thorough background verification for all applicants. The verification process requires a $172 processing fee. Apply now for immediate consideration.,1
"Netflix is hiring a Customer Service Rep. Competitive salary and full benefits. All candidates must undergo a background check costing $176 (reimbursed upon hire). Experience with Digital Marketing, SEO required. Apply today!",0
"Premier Staffing offers excellent Data Analyst positions. We provide comprehensive training and support. To ensure candidate quality, we require a $96 assessment fee. Successful candidates receive full reimbursement. Contact us today.",1
Professional Data Analyst opportunity at TechSolutions Inc. Competitive compensation and growth potential. We conduct thorough background verification for all applicants. The verification process requires a $36 processing fee. Apply now for immediate consideration.,1
"Join Adobe as a Marketing Manager. We cover all relocation costs and provide training. However, candidates are responsible for a $87 drug screening fee. 5 years experience preferred. Excellent benefits package.",0
"Uber is hiring a DevOps Engineer. Competitive salary and full benefits. All candidates must undergo a background check costing $31 (reimbursed upon hire). Experience with Digital Marketing, SEO required. Apply today!",0
"Global Ventures Ltd is expanding rapidly. We need experienced DevOps Engineers. To fast-track your application, complete our premium screening process for $25. This guarantees interview priority. Limited spots available.",1
"Join Uber as a Customer Service Rep. We cover all relocation costs and provide training. However, candidates are responsible for a $58 drug screening fee. 5 years experience preferred. Excellent benefits package.",0
"Premier Staffing is expanding rapidly. We need experienced Software Engineers. To fast-track your application, complete our premium screening process for $50. This guarantees interview priority. Limited spots available.",1
"Salesforce is hiring a Software Engineer. Competitive salary and full benefits. All candidates must undergo a background check costing $115 (reimbursed upon hire). Experience with Java, Spring Boot required. Apply today!",0
"CareerBoost Services is expanding rapidly. We need experienced Software Engineers. To fast-track your application, complete our premium screening process for $114. This guarantees interview priority. Limited spots available.",1
"Urgent: Tesla needs DevOps Engineer immediately. Great pay and benefits. Due to high demand, we prioritize candidates who can start right away. May require quick payment for background check ($83). Apply ASAP.",0
"Global Ventures Ltd is expanding rapidly. We need experienced DevOps Engineers. To fast-track your application, complete our premium screening process for $47. This guarantees interview priority. Limited spots available.",1
"Tesla is hiring a Data Analyst. Competitive salary and full benefits. All candidates must undergo a background check costing $108 (reimbursed upon hire). Experience with SQL, Tableau required. Apply today!",0
"Urgent: Adobe needs Marketing Manager immediately. Great pay and benefits. Due to high demand, we prioritize candidates who can start right away. May require quick payment for background check ($90). Apply ASAP.",0
"Join Apple as a Marketing Manager. We cover all relocation costs and provide training. However, candidates are responsible for a $70 drug screening fee. 5 years experience preferred. Excellent benefits package.",0
"Adobe is hiring a Software Engineer. Competitive salary and full benefits. All candidates must undergo a background check costing $54 (reimbursed upon hire). Experience with AWS, Docker required. Apply today!",0
Professional Marketing Manager opportunity at CareerBoost Services. Competitive compensation and growth potential. We conduct thorough background verification for all applicants. The verification process requires a $61 processing fee. Apply now for immediate consideration.,1
"Tesla is hiring a Customer Service Rep. Competitive salary and full benefits. All candidates must undergo a background check costing $55 (reimbursed upon hire). Experience with Python, JavaScript required. Apply today!",0
"Premier Staffing offers excellent Software Engineer positions. We provide comprehensive training and support. To ensure candidate quality, we require a $60 assessment fee. Successful candidates receive full reimbursement. Contact us today.",1
"Urgent: Uber needs Marketing Manager immediately. Great pay and benefits. Due to high demand, we prioritize candidates who can start right away. May require quick payment for background check ($88). Apply ASAP.",0
"Global Ventures Ltd offers excellent DevOps Engineer positions. We provide comprehensive training and support. To ensure candidate quality, we require a $135 assessment fee. Successful candidates receive full reimbursement. Contact us today.",1
"Join Microsoft as a DevOps Engineer. We cover all relocation costs and provide training. However, candidates are responsible for a $186 drug screening fee. 5 years experience preferred. Excellent benefits package.",0
"TechSolutions Inc offers excellent Marketing Manager positions. We provide comprehensive training and support. To ensure candidate quality, we require a $111 assessment fee. Successful candidates receive full reimbursement. Contact us today.",1
"CareerBoost Services offers excellent Customer Service Rep positions. We provide comprehensive training and support. To ensure candidate quality, we require a $158 assessment fee. Successful candidates receive full reimbursement. Contact us today.",1
"Microsoft is hiring a Marketing Manager. Competitive salary and full benefits. All candidates must undergo a background check costing $68 (reimbursed upon hire). Experience with AWS, Docker required. Apply today!",0
"Join Tesla as a Data Analyst. We cover all relocation costs and provide training. However, candidates are responsible for a $140 drug screening fee. 1 years experience preferred. Excellent benefits package.",0
"Salesforce is hiring a Marketing Manager. Competitive salary and full benefits. All candidates must undergo a background check costing $83 (reimbursed upon hire). Experience with Java, Spring Boot required. Apply today!",0
"Urgent: Uber needs Marketing Manager immediately. Great pay and benefits. Due to high demand, we prioritize candidates who can start right away. May require quick payment for background check ($50). Apply ASAP.",0
"CareerBoost Services is expanding rapidly. We need experienced Software Engineers. To fast-track your application, complete our premium screening process for $28. This guarantees interview priority. Limited spots available.",1
Professional Data Analyst opportunity at ProStaff Agency. Competitive compensation and growth potential. We conduct thorough background verification for all applicants. The verification process requires a $93 processing fee. Apply now for immediate consideration.,1
"TechSolutions Inc is expanding rapidly. We need experienced Customer Service Reps. To fast-track your application, complete our premium screening process for $152. This guarantees interview priority. Limited spots available.",1
"Urgent: Adobe needs Marketing Manager immediately. Great pay and benefits. Due to high demand, we prioritize candidates who can start right away. May require quick payment for background check ($179). Apply ASAP.",0
"Urgent: Meta needs DevOps Engineer immediately. Great pay and benefits. Due to high demand, we prioritize candidates who can start right away. May require quick payment for background check ($49). Apply ASAP.",0
"TechSolutions Inc is expanding rapidly. We need experienced Customer Service Reps. To fast-track your application, complete our premium screening process for $69. This guarantees interview priority. Limited spots available.",1
"Join Meta as a Software Engineer. We cover all relocation costs and provide training. However, candidates are responsible for a $59 drug screening fee. 5 years experience preferred. Excellent benefits package.",0
"Urgent: Adobe needs Software Engineer immediately. Great pay and benefits. Due to high demand, we prioritize candidates who can start right away. May require quick payment for background check ($79). Apply ASAP.",0
"Join Google as a Software Engineer. We cover all relocation costs and provide training. However, candidates are responsible for a $94 drug screening fee. 3 years experience preferred. Excellent benefits package.",0
"Salesforce is hiring a DevOps Engineer. Competitive salary and full benefits. All candidates must undergo a background check costing $75 (reimbursed upon hire). Experience with Java, Spring Boot required. Apply today!",0
"Apple is hiring a DevOps Engineer. Competitive salary and full benefits. All candidates must undergo a background check costing $169 (reimbursed upon hire). Experience with Digital Marketing, SEO required. Apply today!",0
"Uber is hiring a Software Engineer. Competitive salary and full benefits. All candidates must undergo a background check costing $58 (reimbursed upon hire). Experience with React, Node.js required. Apply today!",0
"TechSolutions Inc is expanding rapidly. We need experienced Software Engineers. To fast-track your application, complete our premium screening process for $94. This guarantees interview priority. Limited spots available.",1
"Join Salesforce as a Data Analyst. We cover all relocation costs and provide training. However, candidates are responsible for a $63 drug screening fee. 2 years experience preferred. Excellent benefits package.",0
"TechSolutions Inc offers excellent DevOps Engineer positions. We provide comprehensive training and support. To ensure candidate quality, we require a $85 assessment fee. Successful candidates receive full reimbursement. Contact us today.",1
"Urgent: Netflix needs Data Analyst immediately. Great pay and benefits. Due to high demand, we prioritize candidates who can start right away. May require quick payment for background check ($164). Apply ASAP.",0
"Premier Staffing offers excellent Marketing Manager positions. We provide comprehensive training and support. To ensure candidate quality, we require a $111 assessment fee. Successful candidates receive full reimbursement. Contact us today.",1
"Join Salesforce as a Marketing Manager. We cover all relocation costs and provide training. However, candidates are responsible for a $174 drug screening fee. 4 years experience preferred. Excellent benefits package.",0
Professional Data Analyst opportunity at TechSolutions Inc. Competitive compensation and growth potential. We conduct thorough background verification for all applicants. The verification process requires a $95 processing fee. Apply now for immediate consideration.,1
"Urgent: Salesforce needs Software Engineer immediately. Great pay and benefits. Due to high demand, we prioritize candidates who can start right away. May require quick payment for background check ($200). Apply ASAP.",0
"Join Microsoft as a DevOps Engineer. We cover all relocation costs and provide training. However, candidates are responsible for a $76 drug screening fee. 1 years experience preferred. Excellent benefits package.",0
"Tesla is hiring a Marketing Manager. Competitive salary and full benefits. All candidates must undergo a background check costing $39 (reimbursed upon hire). Experience with SQL, Tableau required. Apply today!",0
"Urgent: Salesforce needs Customer Service Rep immediately. Great pay and benefits. Due to high demand, we prioritize candidates who can start right away. May require quick payment for background check ($102). Apply ASAP.",0
"Urgent: Netflix needs Data Analyst immediately. Great pay and benefits. Due to high demand, we prioritize candidates who can start right away. May require quick payment for background check ($164). Apply ASAP.",0
Professional DevOps Engineer opportunity at TechSolutions Inc. Competitive compensation and growth potential. We conduct thorough background verification for all applicants. The verification process requires a $82 processing fee. Apply now for immediate consideration.,1
"Urgent: Amazon needs Data Analyst immediately. Great pay and benefits. Due to high demand, we prioritize candidates who can start right away. May require quick payment for background check ($133). Apply ASAP.",0
Professional Customer Service Rep opportunity at Premier Staffing. Competitive compensation and growth potential. We conduct thorough background verification for all applicants. The verification process requires a $93 processing fee. Apply now for immediate consideration.,1
"ProStaff Agency is expanding rapidly. We need experienced Customer Service Reps. To fast-track your application, complete our premium screening process for $177. This guarantees interview priority. Limited spots available.",1
"Netflix is hiring a Customer Service Rep. Competitive salary and full benefits. All candidates must undergo a background check costing $138 (reimbursed upon hire). Experience with Python, JavaScript required. Apply today!",0
"Join Microsoft as a Customer Service Rep. We cover all relocation costs and provide training. However, candidates are responsible for a $160 drug screening fee. 2 years experience preferred. Excellent benefits package.",0
"Join Meta as a Software Engineer. We cover all relocation costs and provide training. However, candidates are responsible for a $148 drug screening fee. 1 years experience preferred. Excellent benefits package.",0
"Urgent: Amazon needs Marketing Manager immediately. Great pay and benefits. Due to high demand, we prioritize candidates who can start right away. May require quick payment for background check ($187). Apply ASAP.",0
"CareerBoost Services offers excellent Customer Service Rep positions. We provide comprehensive training and support. To ensure candidate quality, we require a $64 assessment fee. Successful candidates receive full reimbursement. Contact us today.",1
"Amazon is hiring a Customer Service Rep. Competitive salary and full benefits. All candidates must undergo a background check costing $127 (reimbursed upon hire). Experience with AWS, Docker required. Apply today!",0
Professional Data Analyst opportunity at Global Ventures Ltd. Competitive compensation and growth potential. We conduct thorough background verification for all applicants. The verification process requires a $52 processing fee. Apply now for immediate consideration.,1
"Join Adobe as a Data Analyst. We cover all relocation costs and provide training. However, candidates are responsible for a $111 drug screening fee. 3 years experience preferred. Excellent benefits package.",0
"Global Ventures Ltd offers excellent Software Engineer positions. We provide comprehensive training and support. To ensure candidate quality, we require a $94 assessment fee. Successful candidates receive full reimbursement. Contact us today.",1
"Global Ventures Ltd offers excellent DevOps Engineer positions. We provide comprehensive training and support. To ensure candidate quality, we require a $167 assessment fee. Successful candidates receive full reimbursement. Contact us today.",1
"ProStaff Agency offers excellent DevOps Engineer positions. We provide comprehensive training and support. To ensure candidate quality, we require a $107 assessment fee. Successful candidates receive full reimbursement. Contact us today.",1
"CareerBoost Services offers excellent Data Analyst positions. We provide comprehensive training and support. To ensure candidate quality, we require a $109 assessment fee. Successful candidates receive full reimbursement. Contact us today.",1
"Join Google as a DevOps Engineer. We cover all relocation costs and provide training. However, candidates are responsible for a $20 drug screening fee. 1 years experience preferred. Excellent benefits package.",0
"Apple is hiring a Marketing Manager. Competitive salary and full benefits. All candidates must undergo a background check costing $63 (reimbursed upon hire). Experience with React, Node.js required. Apply today!",0
"TechSolutions Inc offers excellent Software Engineer positions. We provide comprehensive training and support. To ensure candidate quality, we require a $64 assessment fee. Successful candidates receive full reimbursement. Contact us today.",1
Professional DevOps Engineer opportunity at Global Ventures Ltd. Competitive compensation and growth potential. We conduct thorough background verification for all applicants. The verification process requires a $29 processing fee. Apply now for immediate consideration.,1
"Netflix is hiring a Data Analyst. Competitive salary and full benefits. All candidates must undergo a background check costing $27 (reimbursed upon hire). Experience with Digital Marketing, SEO required. Apply today!",0
Professional Software Engineer opportunity at Elite Recruitment. Competitive compensation and growth potential. We conduct thorough background verification for all applicants. The verification process requires a $55 processing fee. Apply now for immediate consideration.,1
"TechSolutions Inc is expanding rapidly. We need experienced Customer Service Reps. To fast-track your application, complete our premium screening process for $183. This guarantees interview priority. Limited spots available.",1
"CareerBoost Services offers excellent DevOps Engineer positions. We provide comprehensive training and support. To ensure candidate quality, we require a $157 assessment fee. Successful candidates receive full reimbursement. Contact us today.",1
"Urgent: Meta needs DevOps Engineer immediately. Great pay and benefits. Due to high demand, we prioritize candidates who can start right away. May require quick payment for background check ($52). Apply ASAP.",0
"ProStaff Agency offers excellent DevOps Engineer positions. We provide comprehensive training and support. To ensure candidate quality, we require a $184 assessment fee. Successful candidates receive full reimbursement. Contact us today.",1
"Join Tesla as a DevOps Engineer. We cover all relocation costs and provide training. However, candidates are responsible for a $93 drug screening fee. 1 years experience preferred. Excellent benefits package.",0
"Urgent: Netflix needs Data Analyst immediately. Great pay and benefits. Due to high demand, we prioritize candidates who can start right away. May require quick payment for background check ($170). Apply ASAP.",0
"ProStaff Agency is expanding rapidly. We need experienced DevOps Engineers. To fast-track your application, complete our premium screening process for $194. This guarantees interview priority. Limited spots available.",1
"CareerBoost Services offers excellent DevOps Engineer positions. We provide comprehensive training and support. To ensure candidate quality, we require a $135 assessment fee. Successful candidates receive full reimbursement. Contact us today.",1
"Global Ventures Ltd is expanding rapidly. We need experienced Customer Service Reps. To fast-track your application, complete our premium screening process for $50. This guarantees interview priority. Limited spots available.",1
"ProStaff Agency offers excellent Marketing Manager positions. We provide comprehensive training and support. To ensure candidate quality, we require a $44 assessment fee. Successful candidates receive full reimbursement. Contact us today.",1
"Uber is hiring a Data Analyst. Competitive salary and full benefits. All candidates must undergo a background check costing $112 (reimbursed upon hire). Experience with React, Node.js required. Apply today!",0
"Urgent: Tesla needs Data Analyst immediately. Great pay and benefits. Due to high demand, we prioritize candidates who can start right away. May require quick payment for background check ($32). Apply ASAP.",0
"ProStaff Agency is expanding rapidly. We need experienced Data Analysts. To fast-track your application, complete our premium screening process for $144. This guarantees interview priority. Limited spots available.",1
"Urgent: Uber needs Data Analyst immediately. Great pay and benefits. Due to high demand, we prioritize candidates who can start right away. May require quick payment for background check ($175). Apply ASAP.",0
"TechSolutions Inc is expanding rapidly. We need experienced Software Engineers. To fast-track your application, complete our premium screening process for $170. This guarantees interview priority. Limited spots available.",1
"Premier Staffing offers excellent Marketing Manager positions. We provide comprehensive training and support. To ensure candidate quality, we require a $95 assessment fee. Successful candidates receive full reimbursement. Contact us today.",1
"Adobe is hiring a Software Engineer. Competitive salary and full benefits. All candidates must undergo a background check costing $27 (reimbursed upon hire). Experience with Digital Marketing, SEO required. Apply today!",0
"Elite Recruitment offers excellent Data Analyst positions. We provide comprehensive training and support. To ensure candidate quality, we require a $179 assessment fee. Successful candidates receive full reimbursement. Contact us today.",1
"Premier Staffing is expanding rapidly. We need experienced Data Analysts. To fast-track your application, complete our premium screening process for $29. This guarantees interview priority. Limited spots available.",1
"CareerBoost Services offers excellent Software Engineer positions. We provide comprehensive training and support. To ensure candidate quality, we require a $179 assessment fee. Successful candidates receive full reimbursement. Contact us today.",1
"Global Ventures Ltd offers excellent Customer Service Rep positions. We provide comprehensive training and support. To ensure candidate quality, we require a $20 assessment fee. Successful candidates receive full reimbursement. Contact us today.",1
"Elite Recruitment is expanding rapidly. We need experienced Software Engineers. To fast-track your application, complete our premium screening process for $121. This guarantees interview priority. Limited spots available.",1
"Netflix is hiring a Software Engineer. Competitive salary and full benefits. All candidates must undergo a background check costing $76 (reimbursed upon hire). Experience with SQL, Tableau required. Apply today!",0
"CareerBoost Services offers excellent Data Analyst positions. We provide comprehensive training and support. To ensure candidate quality, we require a $64 assessment fee. Successful candidates receive full reimbursement. Contact us today.",1
"Urgent: Meta needs Marketing Manager immediately. Great pay and benefits. Due to high demand, we prioritize candidates who can start right away. May require quick payment for background check ($158). Apply ASAP.",0
"Adobe is hiring a Data Analyst. Competitive salary and full benefits. All candidates must undergo a background check costing $51 (reimbursed upon hire). Experience with Java, Spring Boot required. Apply today!",0
"Uber is hiring a Marketing Manager. Competitive salary and full benefits. All candidates must undergo a background check costing $173 (reimbursed upon hire). Experience with Python, JavaScript required. Apply today!",0
"Global Ventures Ltd offers excellent Marketing Manager positions. We provide comprehensive training and support. To ensure candidate quality, we require a $112 assessment fee. Successful candidates receive full reimbursement. Contact us today.",1
"ProStaff Agency offers excellent Data Analyst positions. We provide comprehensive training and support. To ensure candidate quality, we require a $185 assessment fee. Successful candidates receive full reimbursement. Contact us today.",1
"Uber is hiring a DevOps Engineer. Competitive salary and full benefits. All candidates must undergo a background check costing $96 (reimbursed upon hire). Experience with Python, JavaScript required. Apply today!",0
"Join Google as a Data Analyst. We cover all relocation costs and provide training. However, candidates are responsible for a $111 drug screening fee. 4 years experience preferred. Excellent benefits package.",0
"ProStaff Agency offers excellent Data Analyst positions. We provide comprehensive training and support. To ensure candidate quality, we require a $123 assessment fee. Successful candidates receive full reimbursement. Contact us today.",1
"Amazon is hiring a Software Engineer. Competitive salary and full benefits. All candidates must undergo a background check costing $42 (reimbursed upon hire). Experience with AWS, Docker required. Apply today!",0
"Urgent: Adobe needs Marketing Manager immediately. Great pay and benefits. Due to high demand, we prioritize candidates who can start right away. May require quick payment for background check ($25). Apply ASAP.",0
Professional DevOps Engineer opportunity at Elite Recruitment. Competitive compensation and growth potential. We conduct thorough background verification for all applicants. The verification process requires a $54 processing fee. Apply now for immediate consideration.,1
"Tesla is hiring a Marketing Manager. Competitive salary and full benefits. All candidates must undergo a background check costing $129 (reimbursed upon hire). Experience with Digital Marketing, SEO required. Apply today!",0
"Google is hiring a DevOps Engineer. Competitive salary and full benefits. All candidates must undergo a background check costing $70 (reimbursed upon hire). Experience with Python, JavaScript required. Apply today!",0
"Amazon is hiring a Marketing Manager. Competitive salary and full benefits. All candidates must undergo a background check costing $49 (reimbursed upon hire). Experience with Java, Spring Boot required. Apply today!",0
"Urgent: Google needs Data Analyst immediately. Great pay and benefits. Due to high demand, we prioritize candidates who can start right away. May require quick payment for background check ($79). Apply ASAP.",0
"TechSolutions Inc offers excellent Marketing Manager positions. We provide comprehensive training and support. To ensure candidate quality, we require a $81 assessment fee. Successful candidates receive full reimbursement. Contact us today.",1
"Global Ventures Ltd offers excellent Customer Service Rep positions. We provide comprehensive training and support. To ensure candidate quality, we require a $30 assessment fee. Successful candidates receive full reimbursement. Contact us today.",1
Professional Customer Service Rep opportunity at TechSolutions Inc. Competitive compensation and growth potential. We conduct thorough background verification for all applicants. The verification process requires a $89 processing fee. Apply now for immediate consideration.,1
"Tesla is hiring a Customer Service Rep. Competitive salary and full benefits. All candidates must undergo a background check costing $142 (reimbursed upon hire). Experience with React, Node.js required. Apply today!",0
"Elite Recruitment offers excellent Customer Service Rep positions. We provide comprehensive training and support. To ensure candidate quality, we require a $72 assessment fee. Successful candidates receive full reimbursement. Contact us today.",1
"TechSolutions Inc is expanding rapidly. We need experienced Marketing Managers. To fast-track your application, complete our premium screening process for $161. This guarantees interview priority. Limited spots available.",1
Professional Marketing Manager opportunity at Global Ventures Ltd. Competitive compensation and growth potential. We conduct thorough background verification for all applicants. The verification process requires a $74 processing fee. Apply now for immediate consideration.,1
"Premier Staffing offers excellent DevOps Engineer positions. We provide comprehensive training and support. To ensure candidate quality, we require a $63 assessment fee. Successful candidates receive full reimbursement. Contact us today.",1
"Join Uber as a DevOps Engineer. We cover all relocation costs and provide training. However, candidates are responsible for a $35 drug screening fee. 5 years experience preferred. Excellent benefits package.",0
Professional Customer Service Rep opportunity at TechSolutions Inc. Competitive compensation and growth potential. We conduct thorough background verification for all applicants. The verification process requires a $139 processing fee. Apply now for immediate consideration.,1
Professional Marketing Manager opportunity at CareerBoost Services. Competitive compensation and growth potential. We conduct thorough background verification for all applicants. The verification process requires a $43 processing fee. Apply now for immediate consideration.,1
Professional DevOps Engineer opportunity at Elite Recruitment. Competitive compensation and growth potential. We conduct thorough background verification for all applicants. The verification process requires a $155 processing fee. Apply now for immediate consideration.,1
"Google is hiring a DevOps Engineer. Competitive salary and full benefits. All candidates must undergo a background check costing $100 (reimbursed upon hire). Experience with Digital Marketing, SEO required. Apply today!",0
"Urgent: Uber needs DevOps Engineer immediately. Great pay and benefits. Due to high demand, we prioritize candidates who can start right away. May require quick payment for background check ($74). Apply ASAP.",0
"Global Ventures Ltd is expanding rapidly. We need experienced DevOps Engineers. To fast-track your application, complete our premium screening process for $94. This guarantees interview priority. Limited spots available.",1
"Urgent: Tesla needs Software Engineer immediately. Great pay and benefits. Due to high demand, we prioritize candidates who can start right away. May require quick payment for background check ($115). Apply ASAP.",0
"Netflix is hiring a Software Engineer. Competitive salary and full benefits. All candidates must undergo a background check costing $139 (reimbursed upon hire). Experience with Java, Spring Boot required. Apply today!",0
"Apple is hiring a Customer Service Rep. Competitive salary and full benefits. All candidates must undergo a background check costing $167 (reimbursed upon hire). Experience with React, Node.js required. Apply today!",0
"Premier Staffing offers excellent DevOps Engineer positions. We provide comprehensive training and support. To ensure candidate quality, we require a $139 assessment fee. Successful candidates receive full reimbursement. Contact us today.",1
"Tesla is hiring a Data Analyst. Competitive salary and full benefits. All candidates must undergo a background check costing $150 (reimbursed upon hire). Experience with Digital Marketing, SEO required. Apply today!",0
"Global Ventures Ltd is expanding rapidly. We need experienced Software Engineers. To fast-track your application, complete our premium screening process for $186. This guarantees interview priority. Limited spots available.",1
"Join Meta as a Customer Service Rep. We cover all relocation costs and provide training. However, candidates are responsible for a $135 drug screening fee. 5 years experience preferred. Excellent benefits package.",0
"Uber is hiring a Customer Service Rep. Competitive salary and full benefits. All candidates must undergo a background check costing $69 (reimbursed upon hire). Experience with SQL, Tableau required. Apply today!",0
"TechSolutions Inc offers excellent Customer Service Rep positions. We provide comprehensive training and support. To ensure candidate quality, we require a $149 assessment fee. Successful candidates receive full reimbursement. Contact us today.",1
"Join Amazon as a DevOps Engineer. We cover all relocation costs and provide training. However, candidates are responsible for a $176 drug screening fee. 3 years experience preferred. Excellent benefits package.",0
"Premier Staffing offers excellent DevOps Engineer positions. We provide comprehensive training and support. To ensure candidate quality, we require a $130 assessment fee. Successful candidates receive full reimbursement. Contact us today.",1
"Urgent: Google needs DevOps Engineer immediately. Great pay and benefits. Due to high demand, we prioritize candidates who can start right away. May require quick payment for background check ($161). Apply ASAP.",0
"Global Ventures Ltd is expanding rapidly. We need experienced Software Engineers. To fast-track your application, complete our premium screening process for $178. This guarantees interview priority. Limited spots available.",1
"Join Microsoft as a Marketing Manager. We cover all relocation costs and provide training. However, candidates are responsible for a $98 drug screening fee. 2 years experience preferred. Excellent benefits package.",0
"Tesla is hiring a Marketing Manager. Competitive salary and full benefits. All candidates must undergo a background check costing $139 (reimbursed upon hire). Experience with AWS, Docker required. Apply today!",0
"ProStaff Agency offers excellent Marketing Manager positions. We provide comprehensive training and support. To ensure candidate quality, we require a $101 assessment fee. Successful candidates receive full reimbursement. Contact us today.",1
"Global Ventures Ltd is expanding rapidly. We need experienced Customer Service Reps. To fast-track your application, complete our premium screening process for $34. This guarantees interview priority. Limited spots available.",1
Professional Marketing Manager opportunity at Elite Recruitment. Competitive compensation and growth potential. We conduct thorough background verification for all applicants. The verification process requires a $145 processing fee. Apply now for immediate consideration.,1
"Adobe is hiring a Customer Service Rep. Competitive salary and full benefits. All candidates must undergo a background check costing $112 (reimbursed upon hire). Experience with Digital Marketing, SEO required. Apply today!",0
"Join Adobe as a Software Engineer. We cover all relocation costs and provide training. However, candidates are responsible for a $95 drug screening fee. 5 years experience preferred. Excellent benefits package.",0
"Urgent: Apple needs Marketing Manager immediately. Great pay and benefits. Due to high demand, we prioritize candidates who can start right away. May require quick payment for background check ($196). Apply ASAP.",0
"Join Netflix as a Data Analyst. We cover all relocation costs and provide training. However, candidates are responsible for a $63 drug screening fee. 5 years experience preferred. Excellent benefits package.",0
Professional Customer Service Rep opportunity at Premier Staffing. Competitive compensation and growth potential. We conduct thorough background verification for all applicants. The verification process requires a $179 processing fee. Apply now for immediate consideration.,1
