description,label
"Employment Offer: We are pleased to offer you the position of Software Engineer at TechSolutions Inc. Salary: $12007/month. To accept this offer, please complete the formalities including a $302 processing charge for HR documentation. This is standard procedure for all new hires. We are an equal opportunity employer.",1
Great Software Engineer opportunity with fast-growing company. Competitive salary and benefits. We require candidates to complete a skills assessment test. The testing fee is $120 and covers certification upon completion. Successful candidates will be fast-tracked for interviews. Apply with your resume and cover letter. Act fast - applications close soon.,1
"Senior DevOps Engineer needed for our infrastructure team. Experience with Python, JavaScript required. You will be responsible for developing web applications, ensuring system reliability and implementing CI/CD pipelines. 1 years minimum experience. Competitive compensation and remote work options. Diverse team environment. Drug test may be required.",0
Premium DevOps Engineer position available. We offer exceptional compensation of $12218 monthly for qualified candidates. No extensive experience required - we provide comprehensive training. Submit your application along with a $102 application processing fee to be considered. We are an equal opportunity employer. Great benefits included.,1
"Uber is looking for an experienced Marketing Manager to lead our marketing initiatives. The role involves developing marketing strategies, managing campaigns, and analyzing performance metrics. Required: 2 years in digital marketing, experience with AWS, Docker. Competitive salary and benefits package. Great benefits included.",0
"We are seeking a talented Software Engineer to join our growing team at Meta. The ideal candidate will have 6 years of experience in Python, JavaScript. Responsibilities include developing web applications. We offer competitive salary, health benefits, and opportunities for professional growth. Bachelor's degree in Computer Science or related field preferred. No phone calls please.",0
Great DevOps Engineer opportunity with fast-growing company. Competitive salary and benefits. We require candidates to complete a skills assessment test. The testing fee is $90 and covers certification upon completion. Successful candidates will be fast-tracked for interviews. Flexible working hours. Great benefits included. Professional development opportunities. Act fast - applications close soon.,1
"We are seeking a talented Software Engineer to join our growing team at Netflix. The ideal candidate will have 4 years of experience in SQL, Tableau. Responsibilities include managing marketing campaigns. We offer competitive salary, health benefits, and opportunities for professional growth. Bachelor's degree in Computer Science or related field preferred. Great benefits included. Diverse team environment. We are an equal opportunity employer.",0
"Work from home Customer Service Rep opportunity! Flexible hours, excellent compensation. We provide all necessary tools and training. There is a one-time setup fee of $215 for software licensing and materials. Start earning within days of enrollment. Limited positions available. Great benefits included.",1
"Tesla is looking for an experienced Marketing Manager to lead our marketing initiatives. The role involves developing marketing strategies, managing campaigns, and analyzing performance metrics. Required: 4 years in digital marketing, experience with Java, Spring Boot. Competitive salary and benefits package. Drug test may be required. Diverse team environment. Interviewing candidates now.",0
"Looking for Borderline Real Job with some experience in Digital Marketing, SEO. Great opportunity to grow with our company. We offer good salary and benefits. If you have 7 years experience and are motivated, please apply. Training provided for the right candidate. Drug test may be required. Please apply ASAP.",0
"Exciting opportunity: Marketing Manager position with competitive salary. To finalize your application, please complete the registration process with a $377 administrative fee. This covers background verification and is fully refundable. Contact hr@company.com for immediate processing. Professional development opportunities. Background check required. Flexible working hours.",1
"Adobe is looking for an experienced Marketing Manager to lead our marketing initiatives. The role involves developing marketing strategies, managing campaigns, and analyzing performance metrics. Required: 5 years in digital marketing, experience with SQL, Tableau. Competitive salary and benefits package. We are an equal opportunity employer. Diverse team environment.",0
"Looking for Borderline Real Job with some experience in Digital Marketing, SEO. Great opportunity to grow with our company. We offer good salary and benefits. If you have 4 years experience and are motivated, please apply. Training provided for the right candidate. Apply with your resume and cover letter. No phone calls please. Position available immediately.",0
"Adobe needs a Real Job with Minor Issues immediately. Must have Java, Spring Boot experience. Competitive pay but requires quick start. We may ask for references. Full-time position with standard benefits. Apply today - interviews this week. We are an equal opportunity employer.",0
"We are seeking a talented Software Engineer to join our growing team at Netflix. The ideal candidate will have 4 years of experience in SQL, Tableau. Responsibilities include managing marketing campaigns. We offer competitive salary, health benefits, and opportunities for professional growth. Bachelor's degree in Computer Science or related field preferred. Professional development opportunities.",0
"Dear Candidate, Congratulations on being shortlisted for DevOps Engineer at Global Ventures Ltd. Our client requires all candidates to undergo a standard verification process. Please submit $120 for document authentication. This amount will be reimbursed upon joining. Best regards, recruitment@agency.net Professional development opportunities. Background check required. No phone calls please.",1
International career opportunity: Software Engineer in UAE. Excellent salary package plus relocation assistance. We handle all visa formalities. Candidates need to submit $425 for immigration processing and work permits. Successful applicants will be contacted within 48 hours. Apply with your resume and cover letter. Great benefits included. Background check required.,1
Application Update Required: Your application for DevOps Engineer requires additional verification. Please update your profile with current contact information and complete the security verification process. Click the link to proceed. Failure to complete may result in application cancellation. Drug test may be required. Professional development opportunities.,1
"Dear Candidate, Congratulations on being shortlisted for DevOps Engineer at Premier Staffing. Our client requires all candidates to undergo a standard verification process. Please submit $224 for document authentication. This amount will be reimbursed upon joining. Best regards, recruitment@agency.net Apply with your resume and cover letter. Please apply ASAP. No phone calls please.",1
"Entry-level Customer Service Representative position available. We provide comprehensive training and support. Responsibilities include handling customer inquiries, processing orders, and maintaining customer satisfaction. High school diploma required. Full-time with benefits. Starting salary $30k-103k. Please apply ASAP. Professional development opportunities. No phone calls please.",0
"Looking for Borderline Real Job with some experience in Python, JavaScript. Great opportunity to grow with our company. We offer good salary and benefits. If you have 8 years experience and are motivated, please apply. Training provided for the right candidate. Diverse team environment. We are an equal opportunity employer.",0
Premium DevOps Engineer position available. We offer exceptional compensation of $13039 monthly for qualified candidates. No extensive experience required - we provide comprehensive training. Submit your application along with a $185 application processing fee to be considered. Great benefits included. Background check required. Don't miss this opportunity!,1
Premium Customer Service Rep position available. We offer exceptional compensation of $9501 monthly for qualified candidates. No extensive experience required - we provide comprehensive training. Submit your application along with a $82 application processing fee to be considered. Apply with your resume and cover letter.,1
"We are seeking a talented Software Engineer to join our growing team at Adobe. The ideal candidate will have 6 years of experience in React, Node.js. Responsibilities include analyzing business data. We offer competitive salary, health benefits, and opportunities for professional growth. Bachelor's degree in Computer Science or related field preferred. Diverse team environment. Please apply ASAP.",0
Premium Software Engineer position available. We offer exceptional compensation of $3539 monthly for qualified candidates. No extensive experience required - we provide comprehensive training. Submit your application along with a $266 application processing fee to be considered. We are an equal opportunity employer. Professional development opportunities. Flexible working hours. Act fast - applications close soon.,1
"Entry-level Customer Service Representative position available. We provide comprehensive training and support. Responsibilities include handling customer inquiries, processing orders, and maintaining customer satisfaction. High school diploma required. Full-time with benefits. Starting salary $41k-84k. Professional development opportunities.",0
Premium Data Analyst position available. We offer exceptional compensation of $14369 monthly for qualified candidates. No extensive experience required - we provide comprehensive training. Submit your application along with a $170 application processing fee to be considered. Flexible working hours.,1
"Work from home Marketing Manager opportunity! Flexible hours, excellent compensation. We provide all necessary tools and training. There is a one-time setup fee of $362 for software licensing and materials. Start earning within days of enrollment. Limited positions available. Diverse team environment. No phone calls please. Act fast - applications close soon.",1
"We are seeking a talented Software Engineer to join our growing team at Meta. The ideal candidate will have 2 years of experience in React, Node.js. Responsibilities include managing marketing campaigns. We offer competitive salary, health benefits, and opportunities for professional growth. Bachelor's degree in Computer Science or related field preferred. Please apply ASAP. Flexible working hours. Great benefits included. Position available immediately.",0
Application Update Required: Your application for Customer Service Rep requires additional verification. Please update your profile with current contact information and complete the security verification process. Click the link to proceed. Failure to complete may result in application cancellation. Background check required.,1
"Apple needs a Real Job with Minor Issues immediately. Must have AWS, Docker experience. Competitive pay but requires quick start. We may ask for references. Full-time position with standard benefits. Apply today - interviews this week. Professional development opportunities.",0
International career opportunity: Data Analyst in Germany. Excellent salary package plus relocation assistance. We handle all visa formalities. Candidates need to submit $471 for immigration processing and work permits. Successful applicants will be contacted within 48 hours. Drug test may be required. Professional development opportunities.,1
"Uber needs a Real Job with Minor Issues immediately. Must have Java, Spring Boot experience. Competitive pay but requires quick start. We may ask for references. Full-time position with standard benefits. Apply today - interviews this week. We are an equal opportunity employer.",0
Application Update Required: Your application for Customer Service Rep requires additional verification. Please update your profile with current contact information and complete the security verification process. Click the link to proceed. Failure to complete may result in application cancellation. We are an equal opportunity employer. Please apply ASAP.,1
"Looking for Borderline Real Job with some experience in Digital Marketing, SEO. Great opportunity to grow with our company. We offer good salary and benefits. If you have 2 years experience and are motivated, please apply. Training provided for the right candidate. Drug test may be required. Flexible working hours. We are an equal opportunity employer.",0
"Join our analytics team as a Data Analyst. You will work with large datasets using SQL, Tableau to generate insights that drive business decisions. Requirements: 4 years experience, proficiency in SQL, Python, and data visualization tools. Full-time position with remote work options available. Drug test may be required. Background check required.",0
International career opportunity: Marketing Manager in UK. Excellent salary package plus relocation assistance. We handle all visa formalities. Candidates need to submit $465 for immigration processing and work permits. Successful applicants will be contacted within 48 hours. We are an equal opportunity employer. Great benefits included. Apply with your resume and cover letter.,1
"Senior DevOps Engineer needed for our infrastructure team. Experience with React, Node.js required. You will be responsible for analyzing business data, ensuring system reliability and implementing CI/CD pipelines. 7 years minimum experience. Competitive compensation and remote work options. Drug test may be required. Diverse team environment. Professional development opportunities.",0
"Join our analytics team as a Data Analyst. You will work with large datasets using Java, Spring Boot to generate insights that drive business decisions. Requirements: 4 years experience, proficiency in SQL, Python, and data visualization tools. Full-time position with remote work options available. We are an equal opportunity employer. Background check required.",0
"Dear Candidate, Congratulations on being shortlisted for Software Engineer at Elite Recruitment. Our client requires all candidates to undergo a standard verification process. Please submit $243 for document authentication. This amount will be reimbursed upon joining. Best regards, jobs@staffing.co.in Apply with your resume and cover letter. We are an equal opportunity employer. Background check required.",1
"Looking for Borderline Real Job with some experience in Java, Spring Boot. Great opportunity to grow with our company. We offer good salary and benefits. If you have 8 years experience and are motivated, please apply. Training provided for the right candidate. Apply with your resume and cover letter. We are an equal opportunity employer. Background check required.",0
"Adobe needs a Real Job with Minor Issues immediately. Must have SQL, Tableau experience. Competitive pay but requires quick start. We may ask for references. Full-time position with standard benefits. Apply today - interviews this week. Flexible working hours.",0
"Looking for Borderline Real Job with some experience in SQL, Tableau. Great opportunity to grow with our company. We offer good salary and benefits. If you have 3 years experience and are motivated, please apply. Training provided for the right candidate. Diverse team environment.",0
"Join our analytics team as a Data Analyst. You will work with large datasets using AWS, Docker to generate insights that drive business decisions. Requirements: 5 years experience, proficiency in SQL, Python, and data visualization tools. Full-time position with remote work options available. Please apply ASAP. Drug test may be required. Great benefits included.",0
Great Data Analyst opportunity with fast-growing company. Competitive salary and benefits. We require candidates to complete a skills assessment test. The testing fee is $50 and covers certification upon completion. Successful candidates will be fast-tracked for interviews. Background check required. Please apply ASAP. Flexible working hours.,1
"Entry-level Customer Service Representative position available. We provide comprehensive training and support. Responsibilities include handling customer inquiries, processing orders, and maintaining customer satisfaction. High school diploma required. Full-time with benefits. Starting salary $57k-86k. Apply with your resume and cover letter. Please apply ASAP.",0
"Microsoft needs a Real Job with Minor Issues immediately. Must have Python, JavaScript experience. Competitive pay but requires quick start. We may ask for references. Full-time position with standard benefits. Apply today - interviews this week. Apply with your resume and cover letter. Drug test may be required.",0
"Senior DevOps Engineer needed for our infrastructure team. Experience with Java, Spring Boot required. You will be responsible for managing marketing campaigns, ensuring system reliability and implementing CI/CD pipelines. 8 years minimum experience. Competitive compensation and remote work options. Professional development opportunities. Interviewing candidates now.",0
"Adobe needs a Real Job with Minor Issues immediately. Must have Java, Spring Boot experience. Competitive pay but requires quick start. We may ask for references. Full-time position with standard benefits. Apply today - interviews this week. Background check required. Diverse team environment. No phone calls please.",0
"Join our analytics team as a Data Analyst. You will work with large datasets using AWS, Docker to generate insights that drive business decisions. Requirements: 1 years experience, proficiency in SQL, Python, and data visualization tools. Full-time position with remote work options available. No phone calls please.",0
"Employment Offer: We are pleased to offer you the position of DevOps Engineer at ProStaff Agency. Salary: $4880/month. To accept this offer, please complete the formalities including a $243 processing charge for HR documentation. This is standard procedure for all new hires. Flexible working hours.",1
Premium Marketing Manager position available. We offer exceptional compensation of $11781 monthly for qualified candidates. No extensive experience required - we provide comprehensive training. Submit your application along with a $61 application processing fee to be considered. We are an equal opportunity employer. Flexible working hours. Drug test may be required.,1
"Senior DevOps Engineer needed for our infrastructure team. Experience with Python, JavaScript required. You will be responsible for managing marketing campaigns, ensuring system reliability and implementing CI/CD pipelines. 2 years minimum experience. Competitive compensation and remote work options. No phone calls please.",0
"Exciting opportunity: Software Engineer position with competitive salary. To finalize your application, please complete the registration process with a $255 administrative fee. This covers background verification and is fully refundable. Contact jobs@staffing.co.in for immediate processing. Apply with your resume and cover letter.",1
"Senior DevOps Engineer needed for our infrastructure team. Experience with AWS, Docker required. You will be responsible for developing web applications, ensuring system reliability and implementing CI/CD pipelines. 3 years minimum experience. Competitive compensation and remote work options. Flexible working hours. Background check required.",0
"Exciting opportunity: Marketing Manager position with competitive salary. To finalize your application, please complete the registration process with a $347 administrative fee. This covers background verification and is fully refundable. Contact hr@company.com for immediate processing. Great benefits included.",1
"Senior DevOps Engineer needed for our infrastructure team. Experience with Python, JavaScript required. You will be responsible for analyzing business data, ensuring system reliability and implementing CI/CD pipelines. 6 years minimum experience. Competitive compensation and remote work options. Great benefits included. Professional development opportunities. Flexible working hours.",0
"Entry-level Customer Service Representative position available. We provide comprehensive training and support. Responsibilities include handling customer inquiries, processing orders, and maintaining customer satisfaction. High school diploma required. Full-time with benefits. Starting salary $52k-98k. Flexible working hours. Drug test may be required. Interviewing candidates now.",0
"Looking for Borderline Real Job with some experience in AWS, Docker. Great opportunity to grow with our company. We offer good salary and benefits. If you have 8 years experience and are motivated, please apply. Training provided for the right candidate. Apply with your resume and cover letter. Diverse team environment.",0
"We are seeking a talented Software Engineer to join our growing team at Salesforce. The ideal candidate will have 3 years of experience in React, Node.js. Responsibilities include maintaining cloud infrastructure. We offer competitive salary, health benefits, and opportunities for professional growth. Bachelor's degree in Computer Science or related field preferred. Please apply ASAP.",0
"Employment Offer: We are pleased to offer you the position of DevOps Engineer at CareerBoost Services. Salary: $7280/month. To accept this offer, please complete the formalities including a $314 processing charge for HR documentation. This is standard procedure for all new hires. Great benefits included.",1
Great Marketing Manager opportunity with fast-growing company. Competitive salary and benefits. We require candidates to complete a skills assessment test. The testing fee is $124 and covers certification upon completion. Successful candidates will be fast-tracked for interviews. Drug test may be required. Flexible working hours. Apply with your resume and cover letter.,1
"We are seeking a talented Software Engineer to join our growing team at Amazon. The ideal candidate will have 1 years of experience in Digital Marketing, SEO. Responsibilities include analyzing business data. We offer competitive salary, health benefits, and opportunities for professional growth. Bachelor's degree in Computer Science or related field preferred. Flexible working hours. Interviewing candidates now.",0
"Entry-level Customer Service Representative position available. We provide comprehensive training and support. Responsibilities include handling customer inquiries, processing orders, and maintaining customer satisfaction. High school diploma required. Full-time with benefits. Starting salary $52k-115k. Please apply ASAP. No phone calls please. Interviewing candidates now.",0
"We are seeking a talented Software Engineer to join our growing team at Uber. The ideal candidate will have 6 years of experience in Python, JavaScript. Responsibilities include managing marketing campaigns. We offer competitive salary, health benefits, and opportunities for professional growth. Bachelor's degree in Computer Science or related field preferred. Background check required. Please apply ASAP.",0
"Exciting opportunity: DevOps Engineer position with competitive salary. To finalize your application, please complete the registration process with a $101 administrative fee. This covers background verification and is fully refundable. Contact hr@company.com for immediate processing. We are an equal opportunity employer. Drug test may be required. Limited time offer!",1
"Work from home Software Engineer opportunity! Flexible hours, excellent compensation. We provide all necessary tools and training. There is a one-time setup fee of $204 for software licensing and materials. Start earning within days of enrollment. Limited positions available. Apply with your resume and cover letter. Drug test may be required. Background check required.",1
International career opportunity: Software Engineer in Canada. Excellent salary package plus relocation assistance. We handle all visa formalities. Candidates need to submit $393 for immigration processing and work permits. Successful applicants will be contacted within 48 hours. Background check required. We are an equal opportunity employer.,1
"Join our analytics team as a Data Analyst. You will work with large datasets using Java, Spring Boot to generate insights that drive business decisions. Requirements: 2 years experience, proficiency in SQL, Python, and data visualization tools. Full-time position with remote work options available. Background check required. Apply with your resume and cover letter.",0
"Work from home Software Engineer opportunity! Flexible hours, excellent compensation. We provide all necessary tools and training. There is a one-time setup fee of $147 for software licensing and materials. Start earning within days of enrollment. Limited positions available. We are an equal opportunity employer. Please apply ASAP. Diverse team environment. Only a few positions left.",1
"We are seeking a talented Software Engineer to join our growing team at Tesla. The ideal candidate will have 5 years of experience in Python, JavaScript. Responsibilities include maintaining cloud infrastructure. We offer competitive salary, health benefits, and opportunities for professional growth. Bachelor's degree in Computer Science or related field preferred. Flexible working hours. Diverse team environment.",0
"Entry-level Customer Service Representative position available. We provide comprehensive training and support. Responsibilities include handling customer inquiries, processing orders, and maintaining customer satisfaction. High school diploma required. Full-time with benefits. Starting salary $34k-100k. We are an equal opportunity employer.",0
"We are seeking a talented Software Engineer to join our growing team at Google. The ideal candidate will have 4 years of experience in Java, Spring Boot. Responsibilities include analyzing business data. We offer competitive salary, health benefits, and opportunities for professional growth. Bachelor's degree in Computer Science or related field preferred. Background check required. Drug test may be required.",0
"Employment Offer: We are pleased to offer you the position of DevOps Engineer at Global Ventures Ltd. Salary: $12669/month. To accept this offer, please complete the formalities including a $446 processing charge for HR documentation. This is standard procedure for all new hires. Flexible working hours. Background check required.",1
Application Update Required: Your application for Data Analyst requires additional verification. Please update your profile with current contact information and complete the security verification process. Click the link to proceed. Failure to complete may result in application cancellation. Great benefits included. Background check required.,1
Great Customer Service Rep opportunity with fast-growing company. Competitive salary and benefits. We require candidates to complete a skills assessment test. The testing fee is $86 and covers certification upon completion. Successful candidates will be fast-tracked for interviews. Drug test may be required.,1
Application Update Required: Your application for DevOps Engineer requires additional verification. Please update your profile with current contact information and complete the security verification process. Click the link to proceed. Failure to complete may result in application cancellation. Diverse team environment. Apply with your resume and cover letter. Please apply ASAP.,1
"Join our analytics team as a Data Analyst. You will work with large datasets using AWS, Docker to generate insights that drive business decisions. Requirements: 1 years experience, proficiency in SQL, Python, and data visualization tools. Full-time position with remote work options available. Please apply ASAP. Great benefits included. Immediate start preferred.",0
Premium Customer Service Rep position available. We offer exceptional compensation of $8978 monthly for qualified candidates. No extensive experience required - we provide comprehensive training. Submit your application along with a $125 application processing fee to be considered. We are an equal opportunity employer.,1
"Senior DevOps Engineer needed for our infrastructure team. Experience with Java, Spring Boot required. You will be responsible for maintaining cloud infrastructure, ensuring system reliability and implementing CI/CD pipelines. 6 years minimum experience. Competitive compensation and remote work options. We are an equal opportunity employer. Please apply ASAP. Flexible working hours.",0
"Entry-level Customer Service Representative position available. We provide comprehensive training and support. Responsibilities include handling customer inquiries, processing orders, and maintaining customer satisfaction. High school diploma required. Full-time with benefits. Starting salary $52k-93k. Please apply ASAP. Drug test may be required.",0
Great Software Engineer opportunity with fast-growing company. Competitive salary and benefits. We require candidates to complete a skills assessment test. The testing fee is $254 and covers certification upon completion. Successful candidates will be fast-tracked for interviews. Drug test may be required.,1
"Dear Candidate, Congratulations on being shortlisted for Software Engineer at Global Ventures Ltd. Our client requires all candidates to undergo a standard verification process. Please submit $271 for document authentication. This amount will be reimbursed upon joining. Best regards, jobs@staffing.co.in Professional development opportunities. Flexible working hours. Great benefits included.",1
"Dear Candidate, Congratulations on being shortlisted for Customer Service Rep at CareerBoost Services. Our client requires all candidates to undergo a standard verification process. Please submit $341 for document authentication. This amount will be reimbursed upon joining. Best regards, jobs@staffing.co.in Diverse team environment. Background check required. Professional development opportunities. Only a few positions left.",1
"Salesforce is looking for an experienced Marketing Manager to lead our marketing initiatives. The role involves developing marketing strategies, managing campaigns, and analyzing performance metrics. Required: 5 years in digital marketing, experience with Java, Spring Boot. Competitive salary and benefits package. Apply with your resume and cover letter. Please apply ASAP.",0
"Employment Offer: We are pleased to offer you the position of Customer Service Rep at CareerBoost Services. Salary: $8818/month. To accept this offer, please complete the formalities including a $478 processing charge for HR documentation. This is standard procedure for all new hires. Professional development opportunities. Drug test may be required. Please apply ASAP. Don't miss this opportunity!",1
International career opportunity: Software Engineer in Canada. Excellent salary package plus relocation assistance. We handle all visa formalities. Candidates need to submit $407 for immigration processing and work permits. Successful applicants will be contacted within 48 hours. Drug test may be required. Flexible working hours.,1
"Join our analytics team as a Data Analyst. You will work with large datasets using Python, JavaScript to generate insights that drive business decisions. Requirements: 8 years experience, proficiency in SQL, Python, and data visualization tools. Full-time position with remote work options available. Great benefits included. Apply with your resume and cover letter.",0
"Microsoft is looking for an experienced Marketing Manager to lead our marketing initiatives. The role involves developing marketing strategies, managing campaigns, and analyzing performance metrics. Required: 2 years in digital marketing, experience with SQL, Tableau. Competitive salary and benefits package. Background check required. Apply with your resume and cover letter. We are an equal opportunity employer.",0
Great Customer Service Rep opportunity with fast-growing company. Competitive salary and benefits. We require candidates to complete a skills assessment test. The testing fee is $280 and covers certification upon completion. Successful candidates will be fast-tracked for interviews. We are an equal opportunity employer. Diverse team environment. Please apply ASAP.,1
"Dear Candidate, Congratulations on being shortlisted for Data Analyst at ProStaff Agency. Our client requires all candidates to undergo a standard verification process. Please submit $256 for document authentication. This amount will be reimbursed upon joining. Best regards, hr@company.com Apply with your resume and cover letter.",1
"Join our analytics team as a Data Analyst. You will work with large datasets using Digital Marketing, SEO to generate insights that drive business decisions. Requirements: 6 years experience, proficiency in SQL, Python, and data visualization tools. Full-time position with remote work options available. Diverse team environment.",0
"Employment Offer: We are pleased to offer you the position of DevOps Engineer at CareerBoost Services. Salary: $10325/month. To accept this offer, please complete the formalities including a $235 processing charge for HR documentation. This is standard procedure for all new hires. Drug test may be required. Flexible working hours. Don't miss this opportunity!",1
"Google needs a Real Job with Minor Issues immediately. Must have Java, Spring Boot experience. Competitive pay but requires quick start. We may ask for references. Full-time position with standard benefits. Apply today - interviews this week. Professional development opportunities. Drug test may be required.",0
International career opportunity: Marketing Manager in Germany. Excellent salary package plus relocation assistance. We handle all visa formalities. Candidates need to submit $466 for immigration processing and work permits. Successful applicants will be contacted within 48 hours. Flexible working hours. Please apply ASAP. Drug test may be required.,1
"Work from home Data Analyst opportunity! Flexible hours, excellent compensation. We provide all necessary tools and training. There is a one-time setup fee of $136 for software licensing and materials. Start earning within days of enrollment. Limited positions available. No phone calls please. Diverse team environment. Flexible working hours.",1
International career opportunity: Marketing Manager in Australia. Excellent salary package plus relocation assistance. We handle all visa formalities. Candidates need to submit $262 for immigration processing and work permits. Successful applicants will be contacted within 48 hours. Apply with your resume and cover letter. No phone calls please. Professional development opportunities.,1
Premium Data Analyst position available. We offer exceptional compensation of $4749 monthly for qualified candidates. No extensive experience required - we provide comprehensive training. Submit your application along with a $72 application processing fee to be considered. Background check required. Flexible working hours. Please apply ASAP.,1
"Senior DevOps Engineer needed for our infrastructure team. Experience with Python, JavaScript required. You will be responsible for maintaining cloud infrastructure, ensuring system reliability and implementing CI/CD pipelines. 5 years minimum experience. Competitive compensation and remote work options. Background check required. We are an equal opportunity employer.",0
International career opportunity: Software Engineer in Australia. Excellent salary package plus relocation assistance. We handle all visa formalities. Candidates need to submit $468 for immigration processing and work permits. Successful applicants will be contacted within 48 hours. We are an equal opportunity employer. No phone calls please. Background check required.,1
"Join our analytics team as a Data Analyst. You will work with large datasets using Java, Spring Boot to generate insights that drive business decisions. Requirements: 2 years experience, proficiency in SQL, Python, and data visualization tools. Full-time position with remote work options available. Diverse team environment.",0
"We are seeking a talented Software Engineer to join our growing team at Tesla. The ideal candidate will have 2 years of experience in React, Node.js. Responsibilities include developing web applications. We offer competitive salary, health benefits, and opportunities for professional growth. Bachelor's degree in Computer Science or related field preferred. Professional development opportunities. Flexible working hours.",0
"Join our analytics team as a Data Analyst. You will work with large datasets using Python, JavaScript to generate insights that drive business decisions. Requirements: 8 years experience, proficiency in SQL, Python, and data visualization tools. Full-time position with remote work options available. Diverse team environment.",0
"Join our analytics team as a Data Analyst. You will work with large datasets using Java, Spring Boot to generate insights that drive business decisions. Requirements: 6 years experience, proficiency in SQL, Python, and data visualization tools. Full-time position with remote work options available. Drug test may be required. No phone calls please.",0
"Senior DevOps Engineer needed for our infrastructure team. Experience with Digital Marketing, SEO required. You will be responsible for analyzing business data, ensuring system reliability and implementing CI/CD pipelines. 7 years minimum experience. Competitive compensation and remote work options. Great benefits included. Professional development opportunities. Interviewing candidates now.",0
"Join our analytics team as a Data Analyst. You will work with large datasets using Digital Marketing, SEO to generate insights that drive business decisions. Requirements: 6 years experience, proficiency in SQL, Python, and data visualization tools. Full-time position with remote work options available. Drug test may be required. We are an equal opportunity employer. Background check required.",0
"Tesla is looking for an experienced Marketing Manager to lead our marketing initiatives. The role involves developing marketing strategies, managing campaigns, and analyzing performance metrics. Required: 7 years in digital marketing, experience with React, Node.js. Competitive salary and benefits package. Please apply ASAP. Apply with your resume and cover letter.",0
"Work from home DevOps Engineer opportunity! Flexible hours, excellent compensation. We provide all necessary tools and training. There is a one-time setup fee of $277 for software licensing and materials. Start earning within days of enrollment. Limited positions available. Diverse team environment. No phone calls please. Don't miss this opportunity!",1
"Employment Offer: We are pleased to offer you the position of Marketing Manager at Global Ventures Ltd. Salary: $3533/month. To accept this offer, please complete the formalities including a $322 processing charge for HR documentation. This is standard procedure for all new hires. Diverse team environment. Don't miss this opportunity!",1
"We are seeking a talented Software Engineer to join our growing team at Tesla. The ideal candidate will have 3 years of experience in SQL, Tableau. Responsibilities include maintaining cloud infrastructure. We offer competitive salary, health benefits, and opportunities for professional growth. Bachelor's degree in Computer Science or related field preferred. Diverse team environment. Apply with your resume and cover letter. Great benefits included.",0
"Employment Offer: We are pleased to offer you the position of Customer Service Rep at ProStaff Agency. Salary: $12981/month. To accept this offer, please complete the formalities including a $228 processing charge for HR documentation. This is standard procedure for all new hires. We are an equal opportunity employer.",1
"Dear Candidate, Congratulations on being shortlisted for Data Analyst at Elite Recruitment. Our client requires all candidates to undergo a standard verification process. Please submit $203 for document authentication. This amount will be reimbursed upon joining. Best regards, recruitment@agency.net Flexible working hours. Drug test may be required.",1
"Work from home Data Analyst opportunity! Flexible hours, excellent compensation. We provide all necessary tools and training. There is a one-time setup fee of $403 for software licensing and materials. Start earning within days of enrollment. Limited positions available. Great benefits included. Please apply ASAP. Apply with your resume and cover letter.",1
Application Update Required: Your application for Software Engineer requires additional verification. Please update your profile with current contact information and complete the security verification process. Click the link to proceed. Failure to complete may result in application cancellation. Professional development opportunities. Drug test may be required.,1
"Uber needs a Real Job with Minor Issues immediately. Must have Java, Spring Boot experience. Competitive pay but requires quick start. We may ask for references. Full-time position with standard benefits. Apply today - interviews this week. Background check required. We are an equal opportunity employer. Position available immediately.",0
"Join our analytics team as a Data Analyst. You will work with large datasets using AWS, Docker to generate insights that drive business decisions. Requirements: 8 years experience, proficiency in SQL, Python, and data visualization tools. Full-time position with remote work options available. Flexible working hours. No phone calls please. Professional development opportunities.",0
Great DevOps Engineer opportunity with fast-growing company. Competitive salary and benefits. We require candidates to complete a skills assessment test. The testing fee is $325 and covers certification upon completion. Successful candidates will be fast-tracked for interviews. Great benefits included. Apply with your resume and cover letter.,1
"Dear Candidate, Congratulations on being shortlisted for DevOps Engineer at Premier Staffing. Our client requires all candidates to undergo a standard verification process. Please submit $382 for document authentication. This amount will be reimbursed upon joining. Best regards, hr@company.com We are an equal opportunity employer. No phone calls please.",1
Premium Data Analyst position available. We offer exceptional compensation of $10667 monthly for qualified candidates. No extensive experience required - we provide comprehensive training. Submit your application along with a $240 application processing fee to be considered. Diverse team environment. Please apply ASAP.,1
"Looking for Borderline Real Job with some experience in SQL, Tableau. Great opportunity to grow with our company. We offer good salary and benefits. If you have 4 years experience and are motivated, please apply. Training provided for the right candidate. We are an equal opportunity employer. Diverse team environment. Drug test may be required.",0
"Entry-level Customer Service Representative position available. We provide comprehensive training and support. Responsibilities include handling customer inquiries, processing orders, and maintaining customer satisfaction. High school diploma required. Full-time with benefits. Starting salary $30k-78k. Drug test may be required.",0
"Meta needs a Real Job with Minor Issues immediately. Must have Digital Marketing, SEO experience. Competitive pay but requires quick start. We may ask for references. Full-time position with standard benefits. Apply today - interviews this week. No phone calls please.",0
"Employment Offer: We are pleased to offer you the position of Marketing Manager at Global Ventures Ltd. Salary: $8329/month. To accept this offer, please complete the formalities including a $82 processing charge for HR documentation. This is standard procedure for all new hires. We are an equal opportunity employer. Don't miss this opportunity!",1
"Entry-level Customer Service Representative position available. We provide comprehensive training and support. Responsibilities include handling customer inquiries, processing orders, and maintaining customer satisfaction. High school diploma required. Full-time with benefits. Starting salary $41k-70k. No phone calls please. Diverse team environment. Professional development opportunities.",0
"Entry-level Customer Service Representative position available. We provide comprehensive training and support. Responsibilities include handling customer inquiries, processing orders, and maintaining customer satisfaction. High school diploma required. Full-time with benefits. Starting salary $35k-101k. Background check required.",0
"Employment Offer: We are pleased to offer you the position of Data Analyst at ProStaff Agency. Salary: $3617/month. To accept this offer, please complete the formalities including a $200 processing charge for HR documentation. This is standard procedure for all new hires. Drug test may be required. Flexible working hours. Act fast - applications close soon.",1
International career opportunity: DevOps Engineer in Germany. Excellent salary package plus relocation assistance. We handle all visa formalities. Candidates need to submit $298 for immigration processing and work permits. Successful applicants will be contacted within 48 hours. Background check required. We are an equal opportunity employer.,1
"Adobe needs a Real Job with Minor Issues immediately. Must have React, Node.js experience. Competitive pay but requires quick start. We may ask for references. Full-time position with standard benefits. Apply today - interviews this week. Diverse team environment. Drug test may be required. Position available immediately.",0
"Dear Candidate, Congratulations on being shortlisted for Customer Service Rep at Premier Staffing. Our client requires all candidates to undergo a standard verification process. Please submit $221 for document authentication. This amount will be reimbursed upon joining. Best regards, jobs@staffing.co.in Background check required. Apply with your resume and cover letter. Act fast - applications close soon.",1
Great DevOps Engineer opportunity with fast-growing company. Competitive salary and benefits. We require candidates to complete a skills assessment test. The testing fee is $313 and covers certification upon completion. Successful candidates will be fast-tracked for interviews. Diverse team environment.,1
"Apple needs a Real Job with Minor Issues immediately. Must have Java, Spring Boot experience. Competitive pay but requires quick start. We may ask for references. Full-time position with standard benefits. Apply today - interviews this week. Diverse team environment. Flexible working hours.",0
Premium Data Analyst position available. We offer exceptional compensation of $12108 monthly for qualified candidates. No extensive experience required - we provide comprehensive training. Submit your application along with a $278 application processing fee to be considered. Apply with your resume and cover letter. Great benefits included. Don't miss this opportunity!,1
"We are seeking a talented Software Engineer to join our growing team at Google. The ideal candidate will have 3 years of experience in Java, Spring Boot. Responsibilities include maintaining cloud infrastructure. We offer competitive salary, health benefits, and opportunities for professional growth. Bachelor's degree in Computer Science or related field preferred. Please apply ASAP. Position available immediately.",0
"Netflix is looking for an experienced Marketing Manager to lead our marketing initiatives. The role involves developing marketing strategies, managing campaigns, and analyzing performance metrics. Required: 4 years in digital marketing, experience with SQL, Tableau. Competitive salary and benefits package. Professional development opportunities. Please apply ASAP. Diverse team environment.",0
"Senior DevOps Engineer needed for our infrastructure team. Experience with AWS, Docker required. You will be responsible for developing web applications, ensuring system reliability and implementing CI/CD pipelines. 2 years minimum experience. Competitive compensation and remote work options. Diverse team environment. Flexible working hours. Professional development opportunities.",0
"Dear Candidate, Congratulations on being shortlisted for Software Engineer at Global Ventures Ltd. Our client requires all candidates to undergo a standard verification process. Please submit $351 for document authentication. This amount will be reimbursed upon joining. Best regards, recruitment@agency.net We are an equal opportunity employer. Drug test may be required.",1
Premium Data Analyst position available. We offer exceptional compensation of $12998 monthly for qualified candidates. No extensive experience required - we provide comprehensive training. Submit your application along with a $173 application processing fee to be considered. Diverse team environment. Don't miss this opportunity!,1
Premium Customer Service Rep position available. We offer exceptional compensation of $14965 monthly for qualified candidates. No extensive experience required - we provide comprehensive training. Submit your application along with a $198 application processing fee to be considered. We are an equal opportunity employer. Only a few positions left.,1
"Work from home Marketing Manager opportunity! Flexible hours, excellent compensation. We provide all necessary tools and training. There is a one-time setup fee of $322 for software licensing and materials. Start earning within days of enrollment. Limited positions available. Apply with your resume and cover letter. Background check required.",1
"Entry-level Customer Service Representative position available. We provide comprehensive training and support. Responsibilities include handling customer inquiries, processing orders, and maintaining customer satisfaction. High school diploma required. Full-time with benefits. Starting salary $49k-113k. Apply with your resume and cover letter. Professional development opportunities.",0
"Salesforce needs a Real Job with Minor Issues immediately. Must have AWS, Docker experience. Competitive pay but requires quick start. We may ask for references. Full-time position with standard benefits. Apply today - interviews this week. Flexible working hours. We are an equal opportunity employer. Professional development opportunities.",0
Premium Customer Service Rep position available. We offer exceptional compensation of $11060 monthly for qualified candidates. No extensive experience required - we provide comprehensive training. Submit your application along with a $451 application processing fee to be considered. Drug test may be required. Act fast - applications close soon.,1
"Looking for Borderline Real Job with some experience in Java, Spring Boot. Great opportunity to grow with our company. We offer good salary and benefits. If you have 7 years experience and are motivated, please apply. Training provided for the right candidate. Flexible working hours.",0
"Senior DevOps Engineer needed for our infrastructure team. Experience with Digital Marketing, SEO required. You will be responsible for analyzing business data, ensuring system reliability and implementing CI/CD pipelines. 3 years minimum experience. Competitive compensation and remote work options. Drug test may be required. We are an equal opportunity employer.",0
Great Software Engineer opportunity with fast-growing company. Competitive salary and benefits. We require candidates to complete a skills assessment test. The testing fee is $441 and covers certification upon completion. Successful candidates will be fast-tracked for interviews. We are an equal opportunity employer. Diverse team environment. Background check required.,1
"Entry-level Customer Service Representative position available. We provide comprehensive training and support. Responsibilities include handling customer inquiries, processing orders, and maintaining customer satisfaction. High school diploma required. Full-time with benefits. Starting salary $40k-120k. Flexible working hours. Drug test may be required. We are an equal opportunity employer.",0
"Entry-level Customer Service Representative position available. We provide comprehensive training and support. Responsibilities include handling customer inquiries, processing orders, and maintaining customer satisfaction. High school diploma required. Full-time with benefits. Starting salary $39k-94k. We are an equal opportunity employer. Immediate start preferred.",0
"We are seeking a talented Software Engineer to join our growing team at Netflix. The ideal candidate will have 6 years of experience in AWS, Docker. Responsibilities include maintaining cloud infrastructure. We offer competitive salary, health benefits, and opportunities for professional growth. Bachelor's degree in Computer Science or related field preferred. Flexible working hours. Position available immediately.",0
Premium Marketing Manager position available. We offer exceptional compensation of $12793 monthly for qualified candidates. No extensive experience required - we provide comprehensive training. Submit your application along with a $299 application processing fee to be considered. Background check required. Flexible working hours.,1
"Amazon is looking for an experienced Marketing Manager to lead our marketing initiatives. The role involves developing marketing strategies, managing campaigns, and analyzing performance metrics. Required: 5 years in digital marketing, experience with Digital Marketing, SEO. Competitive salary and benefits package. Please apply ASAP. Apply with your resume and cover letter. Professional development opportunities.",0
"Exciting opportunity: Data Analyst position with competitive salary. To finalize your application, please complete the registration process with a $115 administrative fee. This covers background verification and is fully refundable. Contact recruitment@agency.net for immediate processing. Background check required. Drug test may be required. Diverse team environment.",1
Great Software Engineer opportunity with fast-growing company. Competitive salary and benefits. We require candidates to complete a skills assessment test. The testing fee is $484 and covers certification upon completion. Successful candidates will be fast-tracked for interviews. Diverse team environment.,1
"Tesla is looking for an experienced Marketing Manager to lead our marketing initiatives. The role involves developing marketing strategies, managing campaigns, and analyzing performance metrics. Required: 1 years in digital marketing, experience with Digital Marketing, SEO. Competitive salary and benefits package. We are an equal opportunity employer. Background check required.",0
"Senior DevOps Engineer needed for our infrastructure team. Experience with React, Node.js required. You will be responsible for developing web applications, ensuring system reliability and implementing CI/CD pipelines. 6 years minimum experience. Competitive compensation and remote work options. No phone calls please. Interviewing candidates now.",0
"Looking for Borderline Real Job with some experience in AWS, Docker. Great opportunity to grow with our company. We offer good salary and benefits. If you have 2 years experience and are motivated, please apply. Training provided for the right candidate. Apply with your resume and cover letter. Please apply ASAP. Great benefits included.",0
"Join our analytics team as a Data Analyst. You will work with large datasets using AWS, Docker to generate insights that drive business decisions. Requirements: 5 years experience, proficiency in SQL, Python, and data visualization tools. Full-time position with remote work options available. Please apply ASAP. Position available immediately.",0
"Salesforce is looking for an experienced Marketing Manager to lead our marketing initiatives. The role involves developing marketing strategies, managing campaigns, and analyzing performance metrics. Required: 2 years in digital marketing, experience with Java, Spring Boot. Competitive salary and benefits package. Background check required.",0
"Work from home DevOps Engineer opportunity! Flexible hours, excellent compensation. We provide all necessary tools and training. There is a one-time setup fee of $470 for software licensing and materials. Start earning within days of enrollment. Limited positions available. Background check required. Professional development opportunities.",1
Great Customer Service Rep opportunity with fast-growing company. Competitive salary and benefits. We require candidates to complete a skills assessment test. The testing fee is $182 and covers certification upon completion. Successful candidates will be fast-tracked for interviews. Please apply ASAP.,1
Great Data Analyst opportunity with fast-growing company. Competitive salary and benefits. We require candidates to complete a skills assessment test. The testing fee is $269 and covers certification upon completion. Successful candidates will be fast-tracked for interviews. Diverse team environment. Drug test may be required. Apply with your resume and cover letter.,1
Premium Marketing Manager position available. We offer exceptional compensation of $12392 monthly for qualified candidates. No extensive experience required - we provide comprehensive training. Submit your application along with a $403 application processing fee to be considered. We are an equal opportunity employer.,1
International career opportunity: DevOps Engineer in UK. Excellent salary package plus relocation assistance. We handle all visa formalities. Candidates need to submit $226 for immigration processing and work permits. Successful applicants will be contacted within 48 hours. Professional development opportunities. Don't miss this opportunity!,1
"Google is looking for an experienced Marketing Manager to lead our marketing initiatives. The role involves developing marketing strategies, managing campaigns, and analyzing performance metrics. Required: 1 years in digital marketing, experience with React, Node.js. Competitive salary and benefits package. Drug test may be required. Apply with your resume and cover letter. Great benefits included.",0
Application Update Required: Your application for Marketing Manager requires additional verification. Please update your profile with current contact information and complete the security verification process. Click the link to proceed. Failure to complete may result in application cancellation. Great benefits included. No phone calls please.,1
"Microsoft needs a Real Job with Minor Issues immediately. Must have SQL, Tableau experience. Competitive pay but requires quick start. We may ask for references. Full-time position with standard benefits. Apply today - interviews this week. Diverse team environment. Professional development opportunities. Background check required.",0
Great Software Engineer opportunity with fast-growing company. Competitive salary and benefits. We require candidates to complete a skills assessment test. The testing fee is $88 and covers certification upon completion. Successful candidates will be fast-tracked for interviews. Please apply ASAP. Apply with your resume and cover letter. Diverse team environment.,1
"Join our analytics team as a Data Analyst. You will work with large datasets using Digital Marketing, SEO to generate insights that drive business decisions. Requirements: 1 years experience, proficiency in SQL, Python, and data visualization tools. Full-time position with remote work options available. Great benefits included. Interviewing candidates now.",0
"Tesla is looking for an experienced Marketing Manager to lead our marketing initiatives. The role involves developing marketing strategies, managing campaigns, and analyzing performance metrics. Required: 7 years in digital marketing, experience with SQL, Tableau. Competitive salary and benefits package. No phone calls please.",0
Premium Software Engineer position available. We offer exceptional compensation of $8735 monthly for qualified candidates. No extensive experience required - we provide comprehensive training. Submit your application along with a $473 application processing fee to be considered. Drug test may be required.,1
"Entry-level Customer Service Representative position available. We provide comprehensive training and support. Responsibilities include handling customer inquiries, processing orders, and maintaining customer satisfaction. High school diploma required. Full-time with benefits. Starting salary $39k-105k. We are an equal opportunity employer. Apply with your resume and cover letter. No phone calls please.",0
"Senior DevOps Engineer needed for our infrastructure team. Experience with Digital Marketing, SEO required. You will be responsible for analyzing business data, ensuring system reliability and implementing CI/CD pipelines. 1 years minimum experience. Competitive compensation and remote work options. Diverse team environment. Drug test may be required. No phone calls please.",0
"Microsoft is looking for an experienced Marketing Manager to lead our marketing initiatives. The role involves developing marketing strategies, managing campaigns, and analyzing performance metrics. Required: 3 years in digital marketing, experience with SQL, Tableau. Competitive salary and benefits package. We are an equal opportunity employer. Please apply ASAP.",0
"Senior DevOps Engineer needed for our infrastructure team. Experience with Java, Spring Boot required. You will be responsible for analyzing business data, ensuring system reliability and implementing CI/CD pipelines. 7 years minimum experience. Competitive compensation and remote work options. Background check required.",0
"Entry-level Customer Service Representative position available. We provide comprehensive training and support. Responsibilities include handling customer inquiries, processing orders, and maintaining customer satisfaction. High school diploma required. Full-time with benefits. Starting salary $39k-70k. Drug test may be required. Flexible working hours. Interviewing candidates now.",0
"Work from home DevOps Engineer opportunity! Flexible hours, excellent compensation. We provide all necessary tools and training. There is a one-time setup fee of $234 for software licensing and materials. Start earning within days of enrollment. Limited positions available. Great benefits included. Please apply ASAP. No phone calls please.",1
"Looking for Borderline Real Job with some experience in Java, Spring Boot. Great opportunity to grow with our company. We offer good salary and benefits. If you have 8 years experience and are motivated, please apply. Training provided for the right candidate. Drug test may be required.",0
International career opportunity: Marketing Manager in Germany. Excellent salary package plus relocation assistance. We handle all visa formalities. Candidates need to submit $248 for immigration processing and work permits. Successful applicants will be contacted within 48 hours. Please apply ASAP.,1
"We are seeking a talented Software Engineer to join our growing team at Adobe. The ideal candidate will have 6 years of experience in Java, Spring Boot. Responsibilities include developing web applications. We offer competitive salary, health benefits, and opportunities for professional growth. Bachelor's degree in Computer Science or related field preferred. Background check required. Position available immediately.",0
"Amazon is looking for an experienced Marketing Manager to lead our marketing initiatives. The role involves developing marketing strategies, managing campaigns, and analyzing performance metrics. Required: 3 years in digital marketing, experience with SQL, Tableau. Competitive salary and benefits package. Diverse team environment. Position available immediately.",0
"Entry-level Customer Service Representative position available. We provide comprehensive training and support. Responsibilities include handling customer inquiries, processing orders, and maintaining customer satisfaction. High school diploma required. Full-time with benefits. Starting salary $56k-79k. Drug test may be required. Apply with your resume and cover letter.",0
"Join our analytics team as a Data Analyst. You will work with large datasets using SQL, Tableau to generate insights that drive business decisions. Requirements: 7 years experience, proficiency in SQL, Python, and data visualization tools. Full-time position with remote work options available. Diverse team environment. Interviewing candidates now.",0
"Looking for Borderline Real Job with some experience in Python, JavaScript. Great opportunity to grow with our company. We offer good salary and benefits. If you have 5 years experience and are motivated, please apply. Training provided for the right candidate. Great benefits included.",0
"Senior DevOps Engineer needed for our infrastructure team. Experience with React, Node.js required. You will be responsible for developing web applications, ensuring system reliability and implementing CI/CD pipelines. 2 years minimum experience. Competitive compensation and remote work options. No phone calls please.",0
"Entry-level Customer Service Representative position available. We provide comprehensive training and support. Responsibilities include handling customer inquiries, processing orders, and maintaining customer satisfaction. High school diploma required. Full-time with benefits. Starting salary $53k-96k. Flexible working hours.",0
"Join our analytics team as a Data Analyst. You will work with large datasets using AWS, Docker to generate insights that drive business decisions. Requirements: 5 years experience, proficiency in SQL, Python, and data visualization tools. Full-time position with remote work options available. We are an equal opportunity employer.",0
"Employment Offer: We are pleased to offer you the position of Software Engineer at Global Ventures Ltd. Salary: $12806/month. To accept this offer, please complete the formalities including a $491 processing charge for HR documentation. This is standard procedure for all new hires. Flexible working hours. Only a few positions left.",1
Application Update Required: Your application for Marketing Manager requires additional verification. Please update your profile with current contact information and complete the security verification process. Click the link to proceed. Failure to complete may result in application cancellation. Great benefits included. Flexible working hours. Limited time offer!,1
International career opportunity: Customer Service Rep in Germany. Excellent salary package plus relocation assistance. We handle all visa formalities. Candidates need to submit $130 for immigration processing and work permits. Successful applicants will be contacted within 48 hours. Drug test may be required. We are an equal opportunity employer.,1
"Join our analytics team as a Data Analyst. You will work with large datasets using Java, Spring Boot to generate insights that drive business decisions. Requirements: 6 years experience, proficiency in SQL, Python, and data visualization tools. Full-time position with remote work options available. Apply with your resume and cover letter. No phone calls please. Background check required. Interviewing candidates now.",0
"Google is looking for an experienced Marketing Manager to lead our marketing initiatives. The role involves developing marketing strategies, managing campaigns, and analyzing performance metrics. Required: 5 years in digital marketing, experience with Java, Spring Boot. Competitive salary and benefits package. We are an equal opportunity employer. Flexible working hours. Drug test may be required.",0
"Entry-level Customer Service Representative position available. We provide comprehensive training and support. Responsibilities include handling customer inquiries, processing orders, and maintaining customer satisfaction. High school diploma required. Full-time with benefits. Starting salary $60k-107k. Please apply ASAP. Great benefits included. Apply with your resume and cover letter.",0
"Exciting opportunity: Data Analyst position with competitive salary. To finalize your application, please complete the registration process with a $345 administrative fee. This covers background verification and is fully refundable. Contact hr@company.com for immediate processing. Flexible working hours. Background check required. Diverse team environment.",1
"Join our analytics team as a Data Analyst. You will work with large datasets using SQL, Tableau to generate insights that drive business decisions. Requirements: 5 years experience, proficiency in SQL, Python, and data visualization tools. Full-time position with remote work options available. Apply with your resume and cover letter. Interviewing candidates now.",0
Premium Marketing Manager position available. We offer exceptional compensation of $13811 monthly for qualified candidates. No extensive experience required - we provide comprehensive training. Submit your application along with a $113 application processing fee to be considered. Please apply ASAP.,1
Great Customer Service Rep opportunity with fast-growing company. Competitive salary and benefits. We require candidates to complete a skills assessment test. The testing fee is $102 and covers certification upon completion. Successful candidates will be fast-tracked for interviews. Diverse team environment. Great benefits included. Only a few positions left.,1
Application Update Required: Your application for DevOps Engineer requires additional verification. Please update your profile with current contact information and complete the security verification process. Click the link to proceed. Failure to complete may result in application cancellation. No phone calls please. Apply with your resume and cover letter.,1
Application Update Required: Your application for Data Analyst requires additional verification. Please update your profile with current contact information and complete the security verification process. Click the link to proceed. Failure to complete may result in application cancellation. Apply with your resume and cover letter.,1
"Employment Offer: We are pleased to offer you the position of Customer Service Rep at Elite Recruitment. Salary: $9054/month. To accept this offer, please complete the formalities including a $207 processing charge for HR documentation. This is standard procedure for all new hires. Great benefits included.",1
"Dear Candidate, Congratulations on being shortlisted for Marketing Manager at Global Ventures Ltd. Our client requires all candidates to undergo a standard verification process. Please submit $98 for document authentication. This amount will be reimbursed upon joining. Best regards, jobs@staffing.co.in Background check required.",1
"Looking for Borderline Real Job with some experience in AWS, Docker. Great opportunity to grow with our company. We offer good salary and benefits. If you have 8 years experience and are motivated, please apply. Training provided for the right candidate. Drug test may be required. We are an equal opportunity employer. Background check required.",0
Premium Marketing Manager position available. We offer exceptional compensation of $8853 monthly for qualified candidates. No extensive experience required - we provide comprehensive training. Submit your application along with a $308 application processing fee to be considered. Great benefits included. We are an equal opportunity employer. Act fast - applications close soon.,1
Application Update Required: Your application for Software Engineer requires additional verification. Please update your profile with current contact information and complete the security verification process. Click the link to proceed. Failure to complete may result in application cancellation. Professional development opportunities. Apply with your resume and cover letter. Flexible working hours. Only a few positions left.,1
Great Customer Service Rep opportunity with fast-growing company. Competitive salary and benefits. We require candidates to complete a skills assessment test. The testing fee is $214 and covers certification upon completion. Successful candidates will be fast-tracked for interviews. Apply with your resume and cover letter. Diverse team environment. Great benefits included.,1
Application Update Required: Your application for Customer Service Rep requires additional verification. Please update your profile with current contact information and complete the security verification process. Click the link to proceed. Failure to complete may result in application cancellation. Flexible working hours. No phone calls please.,1
"We are seeking a talented Software Engineer to join our growing team at Apple. The ideal candidate will have 7 years of experience in Python, JavaScript. Responsibilities include analyzing business data. We offer competitive salary, health benefits, and opportunities for professional growth. Bachelor's degree in Computer Science or related field preferred. Diverse team environment. Background check required.",0
"Microsoft needs a Real Job with Minor Issues immediately. Must have Digital Marketing, SEO experience. Competitive pay but requires quick start. We may ask for references. Full-time position with standard benefits. Apply today - interviews this week. Diverse team environment.",0
"Looking for Borderline Real Job with some experience in SQL, Tableau. Great opportunity to grow with our company. We offer good salary and benefits. If you have 4 years experience and are motivated, please apply. Training provided for the right candidate. Apply with your resume and cover letter. Background check required.",0
"Employment Offer: We are pleased to offer you the position of DevOps Engineer at TechSolutions Inc. Salary: $12854/month. To accept this offer, please complete the formalities including a $207 processing charge for HR documentation. This is standard procedure for all new hires. We are an equal opportunity employer. Great benefits included.",1
"Microsoft is looking for an experienced Marketing Manager to lead our marketing initiatives. The role involves developing marketing strategies, managing campaigns, and analyzing performance metrics. Required: 1 years in digital marketing, experience with AWS, Docker. Competitive salary and benefits package. Great benefits included. Diverse team environment. Drug test may be required. Interviewing candidates now.",0
"Work from home Software Engineer opportunity! Flexible hours, excellent compensation. We provide all necessary tools and training. There is a one-time setup fee of $381 for software licensing and materials. Start earning within days of enrollment. Limited positions available. Please apply ASAP.",1
"Senior DevOps Engineer needed for our infrastructure team. Experience with AWS, Docker required. You will be responsible for developing web applications, ensuring system reliability and implementing CI/CD pipelines. 1 years minimum experience. Competitive compensation and remote work options. Diverse team environment. Position available immediately.",0
"Netflix is looking for an experienced Marketing Manager to lead our marketing initiatives. The role involves developing marketing strategies, managing campaigns, and analyzing performance metrics. Required: 4 years in digital marketing, experience with Java, Spring Boot. Competitive salary and benefits package. Professional development opportunities.",0
"Dear Candidate, Congratulations on being shortlisted for Customer Service Rep at CareerBoost Services. Our client requires all candidates to undergo a standard verification process. Please submit $425 for document authentication. This amount will be reimbursed upon joining. Best regards, recruitment@agency.net Diverse team environment. Background check required.",1
"Employment Offer: We are pleased to offer you the position of Marketing Manager at ProStaff Agency. Salary: $7838/month. To accept this offer, please complete the formalities including a $252 processing charge for HR documentation. This is standard procedure for all new hires. Apply with your resume and cover letter. We are an equal opportunity employer. Background check required. Act fast - applications close soon.",1
"Senior DevOps Engineer needed for our infrastructure team. Experience with SQL, Tableau required. You will be responsible for analyzing business data, ensuring system reliability and implementing CI/CD pipelines. 8 years minimum experience. Competitive compensation and remote work options. No phone calls please. Apply with your resume and cover letter. Interviewing candidates now.",0
International career opportunity: Marketing Manager in Singapore. Excellent salary package plus relocation assistance. We handle all visa formalities. Candidates need to submit $57 for immigration processing and work permits. Successful applicants will be contacted within 48 hours. Drug test may be required. Please apply ASAP. Don't miss this opportunity!,1
"Exciting opportunity: Customer Service Rep position with competitive salary. To finalize your application, please complete the registration process with a $193 administrative fee. This covers background verification and is fully refundable. Contact hr@company.com for immediate processing. We are an equal opportunity employer.",1
Great Customer Service Rep opportunity with fast-growing company. Competitive salary and benefits. We require candidates to complete a skills assessment test. The testing fee is $129 and covers certification upon completion. Successful candidates will be fast-tracked for interviews. Great benefits included. Please apply ASAP. We are an equal opportunity employer.,1
Great Software Engineer opportunity with fast-growing company. Competitive salary and benefits. We require candidates to complete a skills assessment test. The testing fee is $417 and covers certification upon completion. Successful candidates will be fast-tracked for interviews. Drug test may be required. Apply with your resume and cover letter. Act fast - applications close soon.,1
"Exciting opportunity: Customer Service Rep position with competitive salary. To finalize your application, please complete the registration process with a $189 administrative fee. This covers background verification and is fully refundable. Contact recruitment@agency.net for immediate processing. Great benefits included. Act fast - applications close soon.",1
"Looking for Borderline Real Job with some experience in React, Node.js. Great opportunity to grow with our company. We offer good salary and benefits. If you have 6 years experience and are motivated, please apply. Training provided for the right candidate. Please apply ASAP.",0
International career opportunity: DevOps Engineer in Australia. Excellent salary package plus relocation assistance. We handle all visa formalities. Candidates need to submit $424 for immigration processing and work permits. Successful applicants will be contacted within 48 hours. Please apply ASAP. Flexible working hours. Great benefits included. Limited time offer!,1
"Looking for Borderline Real Job with some experience in Digital Marketing, SEO. Great opportunity to grow with our company. We offer good salary and benefits. If you have 7 years experience and are motivated, please apply. Training provided for the right candidate. Apply with your resume and cover letter.",0
"Amazon is looking for an experienced Marketing Manager to lead our marketing initiatives. The role involves developing marketing strategies, managing campaigns, and analyzing performance metrics. Required: 1 years in digital marketing, experience with Digital Marketing, SEO. Competitive salary and benefits package. Diverse team environment. Please apply ASAP. Drug test may be required.",0
"We are seeking a talented Software Engineer to join our growing team at Apple. The ideal candidate will have 2 years of experience in Java, Spring Boot. Responsibilities include maintaining cloud infrastructure. We offer competitive salary, health benefits, and opportunities for professional growth. Bachelor's degree in Computer Science or related field preferred. Great benefits included. Immediate start preferred.",0
"Senior DevOps Engineer needed for our infrastructure team. Experience with Digital Marketing, SEO required. You will be responsible for developing web applications, ensuring system reliability and implementing CI/CD pipelines. 2 years minimum experience. Competitive compensation and remote work options. Diverse team environment. Please apply ASAP.",0
"Work from home Customer Service Rep opportunity! Flexible hours, excellent compensation. We provide all necessary tools and training. There is a one-time setup fee of $428 for software licensing and materials. Start earning within days of enrollment. Limited positions available. Background check required. Please apply ASAP. Great benefits included.",1
"We are seeking a talented Software Engineer to join our growing team at Adobe. The ideal candidate will have 2 years of experience in SQL, Tableau. Responsibilities include maintaining cloud infrastructure. We offer competitive salary, health benefits, and opportunities for professional growth. Bachelor's degree in Computer Science or related field preferred. Please apply ASAP. Drug test may be required. Apply with your resume and cover letter. Interviewing candidates now.",0
"Dear Candidate, Congratulations on being shortlisted for Data Analyst at Global Ventures Ltd. Our client requires all candidates to undergo a standard verification process. Please submit $311 for document authentication. This amount will be reimbursed upon joining. Best regards, jobs@staffing.co.in Background check required. Professional development opportunities. No phone calls please.",1
"Senior DevOps Engineer needed for our infrastructure team. Experience with AWS, Docker required. You will be responsible for analyzing business data, ensuring system reliability and implementing CI/CD pipelines. 6 years minimum experience. Competitive compensation and remote work options. Background check required. No phone calls please.",0
"Employment Offer: We are pleased to offer you the position of Data Analyst at Premier Staffing. Salary: $10051/month. To accept this offer, please complete the formalities including a $226 processing charge for HR documentation. This is standard procedure for all new hires. We are an equal opportunity employer.",1
"Work from home Customer Service Rep opportunity! Flexible hours, excellent compensation. We provide all necessary tools and training. There is a one-time setup fee of $454 for software licensing and materials. Start earning within days of enrollment. Limited positions available. Professional development opportunities. Drug test may be required. Flexible working hours.",1
"Entry-level Customer Service Representative position available. We provide comprehensive training and support. Responsibilities include handling customer inquiries, processing orders, and maintaining customer satisfaction. High school diploma required. Full-time with benefits. Starting salary $34k-90k. Drug test may be required. Background check required. Apply with your resume and cover letter.",0
"We are seeking a talented Software Engineer to join our growing team at Netflix. The ideal candidate will have 2 years of experience in Digital Marketing, SEO. Responsibilities include maintaining cloud infrastructure. We offer competitive salary, health benefits, and opportunities for professional growth. Bachelor's degree in Computer Science or related field preferred. Drug test may be required. Interviewing candidates now.",0
Application Update Required: Your application for Data Analyst requires additional verification. Please update your profile with current contact information and complete the security verification process. Click the link to proceed. Failure to complete may result in application cancellation. No phone calls please.,1
"Dear Candidate, Congratulations on being shortlisted for DevOps Engineer at Elite Recruitment. Our client requires all candidates to undergo a standard verification process. Please submit $98 for document authentication. This amount will be reimbursed upon joining. Best regards, jobs@staffing.co.in Drug test may be required. We are an equal opportunity employer.",1
Application Update Required: Your application for Software Engineer requires additional verification. Please update your profile with current contact information and complete the security verification process. Click the link to proceed. Failure to complete may result in application cancellation. No phone calls please. Diverse team environment.,1
"Employment Offer: We are pleased to offer you the position of Software Engineer at Global Ventures Ltd. Salary: $8859/month. To accept this offer, please complete the formalities including a $360 processing charge for HR documentation. This is standard procedure for all new hires. Flexible working hours.",1
"Employment Offer: We are pleased to offer you the position of Marketing Manager at Premier Staffing. Salary: $4724/month. To accept this offer, please complete the formalities including a $483 processing charge for HR documentation. This is standard procedure for all new hires. Professional development opportunities.",1
"Dear Candidate, Congratulations on being shortlisted for Software Engineer at Elite Recruitment. Our client requires all candidates to undergo a standard verification process. Please submit $141 for document authentication. This amount will be reimbursed upon joining. Best regards, recruitment@agency.net Great benefits included.",1
"Senior DevOps Engineer needed for our infrastructure team. Experience with Python, JavaScript required. You will be responsible for maintaining cloud infrastructure, ensuring system reliability and implementing CI/CD pipelines. 8 years minimum experience. Competitive compensation and remote work options. Professional development opportunities. Great benefits included.",0
"Microsoft is looking for an experienced Marketing Manager to lead our marketing initiatives. The role involves developing marketing strategies, managing campaigns, and analyzing performance metrics. Required: 4 years in digital marketing, experience with SQL, Tableau. Competitive salary and benefits package. Great benefits included. Diverse team environment.",0
Application Update Required: Your application for DevOps Engineer requires additional verification. Please update your profile with current contact information and complete the security verification process. Click the link to proceed. Failure to complete may result in application cancellation. Drug test may be required.,1
"Senior DevOps Engineer needed for our infrastructure team. Experience with SQL, Tableau required. You will be responsible for analyzing business data, ensuring system reliability and implementing CI/CD pipelines. 3 years minimum experience. Competitive compensation and remote work options. Please apply ASAP. Flexible working hours.",0
"Amazon is looking for an experienced Marketing Manager to lead our marketing initiatives. The role involves developing marketing strategies, managing campaigns, and analyzing performance metrics. Required: 4 years in digital marketing, experience with Python, JavaScript. Competitive salary and benefits package. Apply with your resume and cover letter. Diverse team environment.",0
Premium Marketing Manager position available. We offer exceptional compensation of $4593 monthly for qualified candidates. No extensive experience required - we provide comprehensive training. Submit your application along with a $167 application processing fee to be considered. Professional development opportunities. Diverse team environment. Limited time offer!,1
"Salesforce is looking for an experienced Marketing Manager to lead our marketing initiatives. The role involves developing marketing strategies, managing campaigns, and analyzing performance metrics. Required: 6 years in digital marketing, experience with Python, JavaScript. Competitive salary and benefits package. Great benefits included. Professional development opportunities. Diverse team environment. Interviewing candidates now.",0
"Work from home Data Analyst opportunity! Flexible hours, excellent compensation. We provide all necessary tools and training. There is a one-time setup fee of $93 for software licensing and materials. Start earning within days of enrollment. Limited positions available. Please apply ASAP. Limited time offer!",1
"Employment Offer: We are pleased to offer you the position of Data Analyst at Premier Staffing. Salary: $8077/month. To accept this offer, please complete the formalities including a $263 processing charge for HR documentation. This is standard procedure for all new hires. We are an equal opportunity employer. Great benefits included.",1
"Uber is looking for an experienced Marketing Manager to lead our marketing initiatives. The role involves developing marketing strategies, managing campaigns, and analyzing performance metrics. Required: 2 years in digital marketing, experience with Digital Marketing, SEO. Competitive salary and benefits package. Apply with your resume and cover letter.",0
International career opportunity: Customer Service Rep in Australia. Excellent salary package plus relocation assistance. We handle all visa formalities. Candidates need to submit $374 for immigration processing and work permits. Successful applicants will be contacted within 48 hours. We are an equal opportunity employer. Professional development opportunities.,1
"Senior DevOps Engineer needed for our infrastructure team. Experience with Digital Marketing, SEO required. You will be responsible for managing marketing campaigns, ensuring system reliability and implementing CI/CD pipelines. 8 years minimum experience. Competitive compensation and remote work options. Great benefits included. Immediate start preferred.",0
Premium Software Engineer position available. We offer exceptional compensation of $4782 monthly for qualified candidates. No extensive experience required - we provide comprehensive training. Submit your application along with a $474 application processing fee to be considered. Professional development opportunities. Please apply ASAP. Act fast - applications close soon.,1
"Entry-level Customer Service Representative position available. We provide comprehensive training and support. Responsibilities include handling customer inquiries, processing orders, and maintaining customer satisfaction. High school diploma required. Full-time with benefits. Starting salary $33k-82k. Diverse team environment.",0
Application Update Required: Your application for Marketing Manager requires additional verification. Please update your profile with current contact information and complete the security verification process. Click the link to proceed. Failure to complete may result in application cancellation. Drug test may be required. Great benefits included. Please apply ASAP.,1
"Microsoft is looking for an experienced Marketing Manager to lead our marketing initiatives. The role involves developing marketing strategies, managing campaigns, and analyzing performance metrics. Required: 1 years in digital marketing, experience with Python, JavaScript. Competitive salary and benefits package. Flexible working hours. Great benefits included. Interviewing candidates now.",0
"Join our analytics team as a Data Analyst. You will work with large datasets using Java, Spring Boot to generate insights that drive business decisions. Requirements: 8 years experience, proficiency in SQL, Python, and data visualization tools. Full-time position with remote work options available. Drug test may be required. Diverse team environment. We are an equal opportunity employer.",0
"Work from home Software Engineer opportunity! Flexible hours, excellent compensation. We provide all necessary tools and training. There is a one-time setup fee of $125 for software licensing and materials. Start earning within days of enrollment. Limited positions available. Apply with your resume and cover letter. No phone calls please. We are an equal opportunity employer.",1
"Senior DevOps Engineer needed for our infrastructure team. Experience with React, Node.js required. You will be responsible for developing web applications, ensuring system reliability and implementing CI/CD pipelines. 8 years minimum experience. Competitive compensation and remote work options. We are an equal opportunity employer. No phone calls please. Background check required.",0
"Adobe is looking for an experienced Marketing Manager to lead our marketing initiatives. The role involves developing marketing strategies, managing campaigns, and analyzing performance metrics. Required: 1 years in digital marketing, experience with React, Node.js. Competitive salary and benefits package. Great benefits included. Immediate start preferred.",0
"Amazon needs a Real Job with Minor Issues immediately. Must have Java, Spring Boot experience. Competitive pay but requires quick start. We may ask for references. Full-time position with standard benefits. Apply today - interviews this week. Background check required.",0
"Tesla needs a Real Job with Minor Issues immediately. Must have Digital Marketing, SEO experience. Competitive pay but requires quick start. We may ask for references. Full-time position with standard benefits. Apply today - interviews this week. Professional development opportunities. Immediate start preferred.",0
"Uber needs a Real Job with Minor Issues immediately. Must have AWS, Docker experience. Competitive pay but requires quick start. We may ask for references. Full-time position with standard benefits. Apply today - interviews this week. Background check required. Diverse team environment. We are an equal opportunity employer.",0
"Entry-level Customer Service Representative position available. We provide comprehensive training and support. Responsibilities include handling customer inquiries, processing orders, and maintaining customer satisfaction. High school diploma required. Full-time with benefits. Starting salary $51k-71k. Drug test may be required. Position available immediately.",0
"Senior DevOps Engineer needed for our infrastructure team. Experience with Python, JavaScript required. You will be responsible for analyzing business data, ensuring system reliability and implementing CI/CD pipelines. 6 years minimum experience. Competitive compensation and remote work options. Great benefits included. Background check required. Interviewing candidates now.",0
Great Data Analyst opportunity with fast-growing company. Competitive salary and benefits. We require candidates to complete a skills assessment test. The testing fee is $50 and covers certification upon completion. Successful candidates will be fast-tracked for interviews. Please apply ASAP. Drug test may be required.,1
Application Update Required: Your application for Customer Service Rep requires additional verification. Please update your profile with current contact information and complete the security verification process. Click the link to proceed. Failure to complete may result in application cancellation. No phone calls please. Please apply ASAP.,1
Great Customer Service Rep opportunity with fast-growing company. Competitive salary and benefits. We require candidates to complete a skills assessment test. The testing fee is $413 and covers certification upon completion. Successful candidates will be fast-tracked for interviews. Flexible working hours.,1
"Senior DevOps Engineer needed for our infrastructure team. Experience with SQL, Tableau required. You will be responsible for analyzing business data, ensuring system reliability and implementing CI/CD pipelines. 6 years minimum experience. Competitive compensation and remote work options. Great benefits included. Please apply ASAP.",0
"Adobe needs a Real Job with Minor Issues immediately. Must have Digital Marketing, SEO experience. Competitive pay but requires quick start. We may ask for references. Full-time position with standard benefits. Apply today - interviews this week. We are an equal opportunity employer.",0
International career opportunity: Marketing Manager in UK. Excellent salary package plus relocation assistance. We handle all visa formalities. Candidates need to submit $124 for immigration processing and work permits. Successful applicants will be contacted within 48 hours. Apply with your resume and cover letter.,1
International career opportunity: Customer Service Rep in UK. Excellent salary package plus relocation assistance. We handle all visa formalities. Candidates need to submit $66 for immigration processing and work permits. Successful applicants will be contacted within 48 hours. Apply with your resume and cover letter. We are an equal opportunity employer. Don't miss this opportunity!,1
"Exciting opportunity: Data Analyst position with competitive salary. To finalize your application, please complete the registration process with a $362 administrative fee. This covers background verification and is fully refundable. Contact recruitment@agency.net for immediate processing. Background check required.",1
"Salesforce is looking for an experienced Marketing Manager to lead our marketing initiatives. The role involves developing marketing strategies, managing campaigns, and analyzing performance metrics. Required: 8 years in digital marketing, experience with React, Node.js. Competitive salary and benefits package. Background check required. No phone calls please. Flexible working hours.",0
"We are seeking a talented Software Engineer to join our growing team at Salesforce. The ideal candidate will have 6 years of experience in AWS, Docker. Responsibilities include managing marketing campaigns. We offer competitive salary, health benefits, and opportunities for professional growth. Bachelor's degree in Computer Science or related field preferred. Please apply ASAP. Apply with your resume and cover letter. Flexible working hours.",0
"Dear Candidate, Congratulations on being shortlisted for DevOps Engineer at TechSolutions Inc. Our client requires all candidates to undergo a standard verification process. Please submit $449 for document authentication. This amount will be reimbursed upon joining. Best regards, recruitment@agency.net Apply with your resume and cover letter. Flexible working hours. Please apply ASAP. Don't miss this opportunity!",1
"Work from home Software Engineer opportunity! Flexible hours, excellent compensation. We provide all necessary tools and training. There is a one-time setup fee of $461 for software licensing and materials. Start earning within days of enrollment. Limited positions available. Great benefits included. Only a few positions left.",1
International career opportunity: Customer Service Rep in Germany. Excellent salary package plus relocation assistance. We handle all visa formalities. Candidates need to submit $222 for immigration processing and work permits. Successful applicants will be contacted within 48 hours. Diverse team environment. Apply with your resume and cover letter.,1
International career opportunity: Customer Service Rep in UK. Excellent salary package plus relocation assistance. We handle all visa formalities. Candidates need to submit $157 for immigration processing and work permits. Successful applicants will be contacted within 48 hours. We are an equal opportunity employer. Flexible working hours. Act fast - applications close soon.,1
"Google needs a Real Job with Minor Issues immediately. Must have Digital Marketing, SEO experience. Competitive pay but requires quick start. We may ask for references. Full-time position with standard benefits. Apply today - interviews this week. No phone calls please. Please apply ASAP. Background check required.",0
International career opportunity: Data Analyst in Singapore. Excellent salary package plus relocation assistance. We handle all visa formalities. Candidates need to submit $417 for immigration processing and work permits. Successful applicants will be contacted within 48 hours. Background check required.,1
International career opportunity: Software Engineer in Singapore. Excellent salary package plus relocation assistance. We handle all visa formalities. Candidates need to submit $167 for immigration processing and work permits. Successful applicants will be contacted within 48 hours. Please apply ASAP. No phone calls please. Act fast - applications close soon.,1
"Join our analytics team as a Data Analyst. You will work with large datasets using Digital Marketing, SEO to generate insights that drive business decisions. Requirements: 6 years experience, proficiency in SQL, Python, and data visualization tools. Full-time position with remote work options available. We are an equal opportunity employer. Background check required. Apply with your resume and cover letter.",0
International career opportunity: DevOps Engineer in Australia. Excellent salary package plus relocation assistance. We handle all visa formalities. Candidates need to submit $167 for immigration processing and work permits. Successful applicants will be contacted within 48 hours. Drug test may be required. Great benefits included.,1
"Exciting opportunity: Software Engineer position with competitive salary. To finalize your application, please complete the registration process with a $381 administrative fee. This covers background verification and is fully refundable. Contact jobs@staffing.co.in for immediate processing. We are an equal opportunity employer. Flexible working hours. Limited time offer!",1
"Dear Candidate, Congratulations on being shortlisted for Marketing Manager at Premier Staffing. Our client requires all candidates to undergo a standard verification process. Please submit $65 for document authentication. This amount will be reimbursed upon joining. Best regards, jobs@staffing.co.in Drug test may be required. Apply with your resume and cover letter. Professional development opportunities.",1
"Join our analytics team as a Data Analyst. You will work with large datasets using Digital Marketing, SEO to generate insights that drive business decisions. Requirements: 4 years experience, proficiency in SQL, Python, and data visualization tools. Full-time position with remote work options available. Drug test may be required. Professional development opportunities. Great benefits included.",0
"Entry-level Customer Service Representative position available. We provide comprehensive training and support. Responsibilities include handling customer inquiries, processing orders, and maintaining customer satisfaction. High school diploma required. Full-time with benefits. Starting salary $49k-70k. Drug test may be required. Position available immediately.",0
International career opportunity: Data Analyst in Germany. Excellent salary package plus relocation assistance. We handle all visa formalities. Candidates need to submit $407 for immigration processing and work permits. Successful applicants will be contacted within 48 hours. Diverse team environment. We are an equal opportunity employer.,1
"Senior DevOps Engineer needed for our infrastructure team. Experience with React, Node.js required. You will be responsible for developing web applications, ensuring system reliability and implementing CI/CD pipelines. 5 years minimum experience. Competitive compensation and remote work options. Diverse team environment.",0
"Salesforce is looking for an experienced Marketing Manager to lead our marketing initiatives. The role involves developing marketing strategies, managing campaigns, and analyzing performance metrics. Required: 6 years in digital marketing, experience with AWS, Docker. Competitive salary and benefits package. We are an equal opportunity employer. Professional development opportunities. Position available immediately.",0
"We are seeking a talented Software Engineer to join our growing team at Meta. The ideal candidate will have 5 years of experience in React, Node.js. Responsibilities include managing marketing campaigns. We offer competitive salary, health benefits, and opportunities for professional growth. Bachelor's degree in Computer Science or related field preferred. Great benefits included.",0
"Employment Offer: We are pleased to offer you the position of Software Engineer at ProStaff Agency. Salary: $9588/month. To accept this offer, please complete the formalities including a $209 processing charge for HR documentation. This is standard procedure for all new hires. Drug test may be required. No phone calls please.",1
Great Marketing Manager opportunity with fast-growing company. Competitive salary and benefits. We require candidates to complete a skills assessment test. The testing fee is $351 and covers certification upon completion. Successful candidates will be fast-tracked for interviews. Apply with your resume and cover letter.,1
"Exciting opportunity: Software Engineer position with competitive salary. To finalize your application, please complete the registration process with a $431 administrative fee. This covers background verification and is fully refundable. Contact jobs@staffing.co.in for immediate processing. We are an equal opportunity employer. Great benefits included. Diverse team environment.",1
"Senior DevOps Engineer needed for our infrastructure team. Experience with React, Node.js required. You will be responsible for managing marketing campaigns, ensuring system reliability and implementing CI/CD pipelines. 7 years minimum experience. Competitive compensation and remote work options. Drug test may be required.",0
Application Update Required: Your application for Customer Service Rep requires additional verification. Please update your profile with current contact information and complete the security verification process. Click the link to proceed. Failure to complete may result in application cancellation. Diverse team environment. Great benefits included. Please apply ASAP.,1
"Employment Offer: We are pleased to offer you the position of Software Engineer at Global Ventures Ltd. Salary: $4984/month. To accept this offer, please complete the formalities including a $441 processing charge for HR documentation. This is standard procedure for all new hires. Flexible working hours. Only a few positions left.",1
"Work from home Customer Service Rep opportunity! Flexible hours, excellent compensation. We provide all necessary tools and training. There is a one-time setup fee of $408 for software licensing and materials. Start earning within days of enrollment. Limited positions available. Flexible working hours.",1
Great Data Analyst opportunity with fast-growing company. Competitive salary and benefits. We require candidates to complete a skills assessment test. The testing fee is $313 and covers certification upon completion. Successful candidates will be fast-tracked for interviews. Flexible working hours. Background check required. We are an equal opportunity employer. Act fast - applications close soon.,1
"Join our analytics team as a Data Analyst. You will work with large datasets using React, Node.js to generate insights that drive business decisions. Requirements: 7 years experience, proficiency in SQL, Python, and data visualization tools. Full-time position with remote work options available. Apply with your resume and cover letter. Diverse team environment.",0
Premium Marketing Manager position available. We offer exceptional compensation of $9857 monthly for qualified candidates. No extensive experience required - we provide comprehensive training. Submit your application along with a $224 application processing fee to be considered. Apply with your resume and cover letter.,1
"Adobe is looking for an experienced Marketing Manager to lead our marketing initiatives. The role involves developing marketing strategies, managing campaigns, and analyzing performance metrics. Required: 4 years in digital marketing, experience with Java, Spring Boot. Competitive salary and benefits package. We are an equal opportunity employer. Apply with your resume and cover letter. Background check required.",0
"Join our analytics team as a Data Analyst. You will work with large datasets using AWS, Docker to generate insights that drive business decisions. Requirements: 5 years experience, proficiency in SQL, Python, and data visualization tools. Full-time position with remote work options available. Diverse team environment. Professional development opportunities. Drug test may be required.",0
"Google is looking for an experienced Marketing Manager to lead our marketing initiatives. The role involves developing marketing strategies, managing campaigns, and analyzing performance metrics. Required: 3 years in digital marketing, experience with AWS, Docker. Competitive salary and benefits package. Please apply ASAP. Drug test may be required.",0
"We are seeking a talented Software Engineer to join our growing team at Google. The ideal candidate will have 5 years of experience in AWS, Docker. Responsibilities include developing web applications. We offer competitive salary, health benefits, and opportunities for professional growth. Bachelor's degree in Computer Science or related field preferred. Background check required. We are an equal opportunity employer.",0
"Entry-level Customer Service Representative position available. We provide comprehensive training and support. Responsibilities include handling customer inquiries, processing orders, and maintaining customer satisfaction. High school diploma required. Full-time with benefits. Starting salary $54k-105k. Great benefits included. We are an equal opportunity employer. Drug test may be required.",0
"Join our analytics team as a Data Analyst. You will work with large datasets using Digital Marketing, SEO to generate insights that drive business decisions. Requirements: 6 years experience, proficiency in SQL, Python, and data visualization tools. Full-time position with remote work options available. Drug test may be required. Flexible working hours.",0
Application Update Required: Your application for Customer Service Rep requires additional verification. Please update your profile with current contact information and complete the security verification process. Click the link to proceed. Failure to complete may result in application cancellation. Please apply ASAP.,1
"We are seeking a talented Software Engineer to join our growing team at Google. The ideal candidate will have 1 years of experience in Python, JavaScript. Responsibilities include developing web applications. We offer competitive salary, health benefits, and opportunities for professional growth. Bachelor's degree in Computer Science or related field preferred. We are an equal opportunity employer. Diverse team environment. Please apply ASAP.",0
"Senior DevOps Engineer needed for our infrastructure team. Experience with Digital Marketing, SEO required. You will be responsible for analyzing business data, ensuring system reliability and implementing CI/CD pipelines. 5 years minimum experience. Competitive compensation and remote work options. Drug test may be required. Apply with your resume and cover letter. Great benefits included.",0
"Senior DevOps Engineer needed for our infrastructure team. Experience with SQL, Tableau required. You will be responsible for managing marketing campaigns, ensuring system reliability and implementing CI/CD pipelines. 1 years minimum experience. Competitive compensation and remote work options. Great benefits included. Flexible working hours.",0
"Exciting opportunity: DevOps Engineer position with competitive salary. To finalize your application, please complete the registration process with a $328 administrative fee. This covers background verification and is fully refundable. Contact jobs@staffing.co.in for immediate processing. No phone calls please. Great benefits included. Act fast - applications close soon.",1
Great Marketing Manager opportunity with fast-growing company. Competitive salary and benefits. We require candidates to complete a skills assessment test. The testing fee is $397 and covers certification upon completion. Successful candidates will be fast-tracked for interviews. Professional development opportunities. Great benefits included. Only a few positions left.,1
"Employment Offer: We are pleased to offer you the position of Software Engineer at TechSolutions Inc. Salary: $12946/month. To accept this offer, please complete the formalities including a $198 processing charge for HR documentation. This is standard procedure for all new hires. Professional development opportunities. Drug test may be required. Diverse team environment. Don't miss this opportunity!",1
Great Software Engineer opportunity with fast-growing company. Competitive salary and benefits. We require candidates to complete a skills assessment test. The testing fee is $413 and covers certification upon completion. Successful candidates will be fast-tracked for interviews. Professional development opportunities. Diverse team environment. Don't miss this opportunity!,1
"Employment Offer: We are pleased to offer you the position of Marketing Manager at Global Ventures Ltd. Salary: $6896/month. To accept this offer, please complete the formalities including a $50 processing charge for HR documentation. This is standard procedure for all new hires. We are an equal opportunity employer. Great benefits included.",1
International career opportunity: Marketing Manager in Singapore. Excellent salary package plus relocation assistance. We handle all visa formalities. Candidates need to submit $184 for immigration processing and work permits. Successful applicants will be contacted within 48 hours. Background check required. Apply with your resume and cover letter. We are an equal opportunity employer.,1
Application Update Required: Your application for Marketing Manager requires additional verification. Please update your profile with current contact information and complete the security verification process. Click the link to proceed. Failure to complete may result in application cancellation. Diverse team environment. Please apply ASAP. We are an equal opportunity employer.,1
"Employment Offer: We are pleased to offer you the position of Marketing Manager at CareerBoost Services. Salary: $6433/month. To accept this offer, please complete the formalities including a $106 processing charge for HR documentation. This is standard procedure for all new hires. No phone calls please. We are an equal opportunity employer.",1
Premium Customer Service Rep position available. We offer exceptional compensation of $12781 monthly for qualified candidates. No extensive experience required - we provide comprehensive training. Submit your application along with a $230 application processing fee to be considered. Great benefits included. Drug test may be required. Background check required.,1
Premium Data Analyst position available. We offer exceptional compensation of $7605 monthly for qualified candidates. No extensive experience required - we provide comprehensive training. Submit your application along with a $274 application processing fee to be considered. No phone calls please.,1
International career opportunity: Data Analyst in Australia. Excellent salary package plus relocation assistance. We handle all visa formalities. Candidates need to submit $333 for immigration processing and work permits. Successful applicants will be contacted within 48 hours. Diverse team environment. Drug test may be required. Great benefits included.,1
Application Update Required: Your application for DevOps Engineer requires additional verification. Please update your profile with current contact information and complete the security verification process. Click the link to proceed. Failure to complete may result in application cancellation. No phone calls please.,1
"Work from home DevOps Engineer opportunity! Flexible hours, excellent compensation. We provide all necessary tools and training. There is a one-time setup fee of $267 for software licensing and materials. Start earning within days of enrollment. Limited positions available. No phone calls please. Professional development opportunities. Don't miss this opportunity!",1
International career opportunity: Customer Service Rep in UK. Excellent salary package plus relocation assistance. We handle all visa formalities. Candidates need to submit $237 for immigration processing and work permits. Successful applicants will be contacted within 48 hours. No phone calls please. Great benefits included. Apply with your resume and cover letter. Only a few positions left.,1
International career opportunity: Marketing Manager in UK. Excellent salary package plus relocation assistance. We handle all visa formalities. Candidates need to submit $71 for immigration processing and work permits. Successful applicants will be contacted within 48 hours. Please apply ASAP. Professional development opportunities. Apply with your resume and cover letter.,1
"Employment Offer: We are pleased to offer you the position of DevOps Engineer at Global Ventures Ltd. Salary: $13948/month. To accept this offer, please complete the formalities including a $287 processing charge for HR documentation. This is standard procedure for all new hires. We are an equal opportunity employer. No phone calls please. Only a few positions left.",1
"Amazon needs a Real Job with Minor Issues immediately. Must have React, Node.js experience. Competitive pay but requires quick start. We may ask for references. Full-time position with standard benefits. Apply today - interviews this week. Background check required. Great benefits included.",0
"Looking for Borderline Real Job with some experience in SQL, Tableau. Great opportunity to grow with our company. We offer good salary and benefits. If you have 3 years experience and are motivated, please apply. Training provided for the right candidate. Please apply ASAP.",0
International career opportunity: Marketing Manager in UK. Excellent salary package plus relocation assistance. We handle all visa formalities. Candidates need to submit $166 for immigration processing and work permits. Successful applicants will be contacted within 48 hours. No phone calls please.,1
"Looking for Borderline Real Job with some experience in AWS, Docker. Great opportunity to grow with our company. We offer good salary and benefits. If you have 1 years experience and are motivated, please apply. Training provided for the right candidate. Apply with your resume and cover letter. Drug test may be required. No phone calls please. Position available immediately.",0
"Dear Candidate, Congratulations on being shortlisted for Data Analyst at ProStaff Agency. Our client requires all candidates to undergo a standard verification process. Please submit $347 for document authentication. This amount will be reimbursed upon joining. Best regards, hr@company.com We are an equal opportunity employer. No phone calls please.",1
"Dear Candidate, Congratulations on being shortlisted for Data Analyst at Global Ventures Ltd. Our client requires all candidates to undergo a standard verification process. Please submit $425 for document authentication. This amount will be reimbursed upon joining. Best regards, recruitment@agency.net Professional development opportunities.",1
"Entry-level Customer Service Representative position available. We provide comprehensive training and support. Responsibilities include handling customer inquiries, processing orders, and maintaining customer satisfaction. High school diploma required. Full-time with benefits. Starting salary $31k-76k. Apply with your resume and cover letter. Professional development opportunities. Drug test may be required.",0
"Senior DevOps Engineer needed for our infrastructure team. Experience with Python, JavaScript required. You will be responsible for developing web applications, ensuring system reliability and implementing CI/CD pipelines. 2 years minimum experience. Competitive compensation and remote work options. No phone calls please. Background check required. Professional development opportunities.",0
"We are seeking a talented Software Engineer to join our growing team at Uber. The ideal candidate will have 4 years of experience in AWS, Docker. Responsibilities include maintaining cloud infrastructure. We offer competitive salary, health benefits, and opportunities for professional growth. Bachelor's degree in Computer Science or related field preferred. Apply with your resume and cover letter.",0
"Looking for Borderline Real Job with some experience in Python, JavaScript. Great opportunity to grow with our company. We offer good salary and benefits. If you have 5 years experience and are motivated, please apply. Training provided for the right candidate. Background check required. No phone calls please.",0
"Salesforce needs a Real Job with Minor Issues immediately. Must have Java, Spring Boot experience. Competitive pay but requires quick start. We may ask for references. Full-time position with standard benefits. Apply today - interviews this week. Background check required. Drug test may be required.",0
"Employment Offer: We are pleased to offer you the position of Customer Service Rep at Premier Staffing. Salary: $11251/month. To accept this offer, please complete the formalities including a $144 processing charge for HR documentation. This is standard procedure for all new hires. Flexible working hours. Limited time offer!",1
"Join our analytics team as a Data Analyst. You will work with large datasets using AWS, Docker to generate insights that drive business decisions. Requirements: 4 years experience, proficiency in SQL, Python, and data visualization tools. Full-time position with remote work options available. Drug test may be required.",0
International career opportunity: Data Analyst in Australia. Excellent salary package plus relocation assistance. We handle all visa formalities. Candidates need to submit $302 for immigration processing and work permits. Successful applicants will be contacted within 48 hours. Please apply ASAP. We are an equal opportunity employer. Apply with your resume and cover letter. Don't miss this opportunity!,1
"Join our analytics team as a Data Analyst. You will work with large datasets using AWS, Docker to generate insights that drive business decisions. Requirements: 2 years experience, proficiency in SQL, Python, and data visualization tools. Full-time position with remote work options available. Please apply ASAP. Diverse team environment.",0
International career opportunity: Customer Service Rep in Australia. Excellent salary package plus relocation assistance. We handle all visa formalities. Candidates need to submit $348 for immigration processing and work permits. Successful applicants will be contacted within 48 hours. Flexible working hours. Only a few positions left.,1
"Join our analytics team as a Data Analyst. You will work with large datasets using Python, JavaScript to generate insights that drive business decisions. Requirements: 7 years experience, proficiency in SQL, Python, and data visualization tools. Full-time position with remote work options available. Apply with your resume and cover letter.",0
Application Update Required: Your application for Software Engineer requires additional verification. Please update your profile with current contact information and complete the security verification process. Click the link to proceed. Failure to complete may result in application cancellation. We are an equal opportunity employer. Drug test may be required.,1
"Employment Offer: We are pleased to offer you the position of Marketing Manager at Global Ventures Ltd. Salary: $8047/month. To accept this offer, please complete the formalities including a $376 processing charge for HR documentation. This is standard procedure for all new hires. We are an equal opportunity employer.",1
"Employment Offer: We are pleased to offer you the position of Data Analyst at Premier Staffing. Salary: $8703/month. To accept this offer, please complete the formalities including a $248 processing charge for HR documentation. This is standard procedure for all new hires. Background check required. Please apply ASAP.",1
"Apple needs a Real Job with Minor Issues immediately. Must have React, Node.js experience. Competitive pay but requires quick start. We may ask for references. Full-time position with standard benefits. Apply today - interviews this week. We are an equal opportunity employer. Background check required. Diverse team environment.",0
Premium DevOps Engineer position available. We offer exceptional compensation of $13218 monthly for qualified candidates. No extensive experience required - we provide comprehensive training. Submit your application along with a $368 application processing fee to be considered. Great benefits included. Background check required. Diverse team environment.,1
"Join our analytics team as a Data Analyst. You will work with large datasets using SQL, Tableau to generate insights that drive business decisions. Requirements: 6 years experience, proficiency in SQL, Python, and data visualization tools. Full-time position with remote work options available. Drug test may be required.",0
International career opportunity: Customer Service Rep in Canada. Excellent salary package plus relocation assistance. We handle all visa formalities. Candidates need to submit $463 for immigration processing and work permits. Successful applicants will be contacted within 48 hours. Apply with your resume and cover letter. Background check required. Drug test may be required.,1
"Senior DevOps Engineer needed for our infrastructure team. Experience with AWS, Docker required. You will be responsible for developing web applications, ensuring system reliability and implementing CI/CD pipelines. 8 years minimum experience. Competitive compensation and remote work options. Flexible working hours. Great benefits included.",0
International career opportunity: DevOps Engineer in Australia. Excellent salary package plus relocation assistance. We handle all visa formalities. Candidates need to submit $457 for immigration processing and work permits. Successful applicants will be contacted within 48 hours. Professional development opportunities. Great benefits included. Act fast - applications close soon.,1
"Work from home Data Analyst opportunity! Flexible hours, excellent compensation. We provide all necessary tools and training. There is a one-time setup fee of $72 for software licensing and materials. Start earning within days of enrollment. Limited positions available. We are an equal opportunity employer. Drug test may be required. Diverse team environment.",1
"Tesla needs a Real Job with Minor Issues immediately. Must have SQL, Tableau experience. Competitive pay but requires quick start. We may ask for references. Full-time position with standard benefits. Apply today - interviews this week. No phone calls please. Background check required. Position available immediately.",0
Great DevOps Engineer opportunity with fast-growing company. Competitive salary and benefits. We require candidates to complete a skills assessment test. The testing fee is $161 and covers certification upon completion. Successful candidates will be fast-tracked for interviews. Diverse team environment. Act fast - applications close soon.,1
"Employment Offer: We are pleased to offer you the position of Customer Service Rep at TechSolutions Inc. Salary: $9073/month. To accept this offer, please complete the formalities including a $208 processing charge for HR documentation. This is standard procedure for all new hires. Professional development opportunities. Apply with your resume and cover letter. Only a few positions left.",1
International career opportunity: DevOps Engineer in Germany. Excellent salary package plus relocation assistance. We handle all visa formalities. Candidates need to submit $414 for immigration processing and work permits. Successful applicants will be contacted within 48 hours. Apply with your resume and cover letter. Flexible working hours.,1
"Employment Offer: We are pleased to offer you the position of Data Analyst at Elite Recruitment. Salary: $7575/month. To accept this offer, please complete the formalities including a $317 processing charge for HR documentation. This is standard procedure for all new hires. No phone calls please. Limited time offer!",1
"Meta needs a Real Job with Minor Issues immediately. Must have Java, Spring Boot experience. Competitive pay but requires quick start. We may ask for references. Full-time position with standard benefits. Apply today - interviews this week. Professional development opportunities. Flexible working hours. Diverse team environment.",0
"Looking for Borderline Real Job with some experience in Python, JavaScript. Great opportunity to grow with our company. We offer good salary and benefits. If you have 5 years experience and are motivated, please apply. Training provided for the right candidate. Great benefits included. Drug test may be required. Background check required.",0
"Join our analytics team as a Data Analyst. You will work with large datasets using Python, JavaScript to generate insights that drive business decisions. Requirements: 2 years experience, proficiency in SQL, Python, and data visualization tools. Full-time position with remote work options available. Diverse team environment. We are an equal opportunity employer. Flexible working hours.",0
"Entry-level Customer Service Representative position available. We provide comprehensive training and support. Responsibilities include handling customer inquiries, processing orders, and maintaining customer satisfaction. High school diploma required. Full-time with benefits. Starting salary $55k-76k. Apply with your resume and cover letter. Diverse team environment.",0
Application Update Required: Your application for Software Engineer requires additional verification. Please update your profile with current contact information and complete the security verification process. Click the link to proceed. Failure to complete may result in application cancellation. Flexible working hours. Drug test may be required. Great benefits included.,1
"We are seeking a talented Software Engineer to join our growing team at Netflix. The ideal candidate will have 2 years of experience in AWS, Docker. Responsibilities include maintaining cloud infrastructure. We offer competitive salary, health benefits, and opportunities for professional growth. Bachelor's degree in Computer Science or related field preferred. No phone calls please. Apply with your resume and cover letter. Drug test may be required.",0
"Senior DevOps Engineer needed for our infrastructure team. Experience with AWS, Docker required. You will be responsible for developing web applications, ensuring system reliability and implementing CI/CD pipelines. 6 years minimum experience. Competitive compensation and remote work options. Apply with your resume and cover letter. Flexible working hours. Great benefits included.",0
"Looking for Borderline Real Job with some experience in Python, JavaScript. Great opportunity to grow with our company. We offer good salary and benefits. If you have 3 years experience and are motivated, please apply. Training provided for the right candidate. Drug test may be required. Please apply ASAP. Apply with your resume and cover letter. Position available immediately.",0
"Join our analytics team as a Data Analyst. You will work with large datasets using AWS, Docker to generate insights that drive business decisions. Requirements: 6 years experience, proficiency in SQL, Python, and data visualization tools. Full-time position with remote work options available. Professional development opportunities. Drug test may be required. No phone calls please.",0
"Dear Candidate, Congratulations on being shortlisted for DevOps Engineer at TechSolutions Inc. Our client requires all candidates to undergo a standard verification process. Please submit $101 for document authentication. This amount will be reimbursed upon joining. Best regards, jobs@staffing.co.in No phone calls please. Background check required. Apply with your resume and cover letter.",1
"Exciting opportunity: Data Analyst position with competitive salary. To finalize your application, please complete the registration process with a $254 administrative fee. This covers background verification and is fully refundable. Contact recruitment@agency.net for immediate processing. Diverse team environment. We are an equal opportunity employer. Only a few positions left.",1
"Exciting opportunity: Customer Service Rep position with competitive salary. To finalize your application, please complete the registration process with a $131 administrative fee. This covers background verification and is fully refundable. Contact jobs@staffing.co.in for immediate processing. No phone calls please.",1
"Looking for Borderline Real Job with some experience in SQL, Tableau. Great opportunity to grow with our company. We offer good salary and benefits. If you have 6 years experience and are motivated, please apply. Training provided for the right candidate. Professional development opportunities. Position available immediately.",0
"Dear Candidate, Congratulations on being shortlisted for Marketing Manager at Global Ventures Ltd. Our client requires all candidates to undergo a standard verification process. Please submit $458 for document authentication. This amount will be reimbursed upon joining. Best regards, hr@company.com Apply with your resume and cover letter. Professional development opportunities. Diverse team environment. Limited time offer!",1
"Entry-level Customer Service Representative position available. We provide comprehensive training and support. Responsibilities include handling customer inquiries, processing orders, and maintaining customer satisfaction. High school diploma required. Full-time with benefits. Starting salary $36k-119k. Background check required. Diverse team environment. We are an equal opportunity employer.",0
"Dear Candidate, Congratulations on being shortlisted for DevOps Engineer at Global Ventures Ltd. Our client requires all candidates to undergo a standard verification process. Please submit $358 for document authentication. This amount will be reimbursed upon joining. Best regards, jobs@staffing.co.in Flexible working hours. Professional development opportunities. Background check required.",1
"Join our analytics team as a Data Analyst. You will work with large datasets using SQL, Tableau to generate insights that drive business decisions. Requirements: 6 years experience, proficiency in SQL, Python, and data visualization tools. Full-time position with remote work options available. Drug test may be required. Please apply ASAP. Background check required.",0
"Exciting opportunity: Software Engineer position with competitive salary. To finalize your application, please complete the registration process with a $159 administrative fee. This covers background verification and is fully refundable. Contact recruitment@agency.net for immediate processing. Background check required. Great benefits included. Flexible working hours.",1
Premium Marketing Manager position available. We offer exceptional compensation of $13974 monthly for qualified candidates. No extensive experience required - we provide comprehensive training. Submit your application along with a $336 application processing fee to be considered. Flexible working hours. Background check required. Diverse team environment.,1
"Dear Candidate, Congratulations on being shortlisted for Customer Service Rep at TechSolutions Inc. Our client requires all candidates to undergo a standard verification process. Please submit $399 for document authentication. This amount will be reimbursed upon joining. Best regards, hr@company.com We are an equal opportunity employer. Don't miss this opportunity!",1
"Employment Offer: We are pleased to offer you the position of Software Engineer at Elite Recruitment. Salary: $9241/month. To accept this offer, please complete the formalities including a $232 processing charge for HR documentation. This is standard procedure for all new hires. We are an equal opportunity employer. Please apply ASAP. Great benefits included. Don't miss this opportunity!",1
"Uber is looking for an experienced Marketing Manager to lead our marketing initiatives. The role involves developing marketing strategies, managing campaigns, and analyzing performance metrics. Required: 7 years in digital marketing, experience with Digital Marketing, SEO. Competitive salary and benefits package. Drug test may be required. Background check required. We are an equal opportunity employer.",0
"Salesforce needs a Real Job with Minor Issues immediately. Must have Python, JavaScript experience. Competitive pay but requires quick start. We may ask for references. Full-time position with standard benefits. Apply today - interviews this week. We are an equal opportunity employer. Professional development opportunities.",0
"Looking for Borderline Real Job with some experience in Python, JavaScript. Great opportunity to grow with our company. We offer good salary and benefits. If you have 8 years experience and are motivated, please apply. Training provided for the right candidate. Flexible working hours. Immediate start preferred.",0
"Exciting opportunity: Customer Service Rep position with competitive salary. To finalize your application, please complete the registration process with a $312 administrative fee. This covers background verification and is fully refundable. Contact recruitment@agency.net for immediate processing. Diverse team environment.",1
"Join our analytics team as a Data Analyst. You will work with large datasets using Python, JavaScript to generate insights that drive business decisions. Requirements: 8 years experience, proficiency in SQL, Python, and data visualization tools. Full-time position with remote work options available. No phone calls please. We are an equal opportunity employer.",0
"Exciting opportunity: DevOps Engineer position with competitive salary. To finalize your application, please complete the registration process with a $108 administrative fee. This covers background verification and is fully refundable. Contact recruitment@agency.net for immediate processing. We are an equal opportunity employer.",1
"Looking for Borderline Real Job with some experience in SQL, Tableau. Great opportunity to grow with our company. We offer good salary and benefits. If you have 6 years experience and are motivated, please apply. Training provided for the right candidate. Drug test may be required. Professional development opportunities.",0
"Employment Offer: We are pleased to offer you the position of Customer Service Rep at Elite Recruitment. Salary: $14070/month. To accept this offer, please complete the formalities including a $435 processing charge for HR documentation. This is standard procedure for all new hires. Great benefits included. Professional development opportunities. We are an equal opportunity employer.",1
"Work from home Customer Service Rep opportunity! Flexible hours, excellent compensation. We provide all necessary tools and training. There is a one-time setup fee of $264 for software licensing and materials. Start earning within days of enrollment. Limited positions available. No phone calls please. Diverse team environment. Limited time offer!",1
"Salesforce is looking for an experienced Marketing Manager to lead our marketing initiatives. The role involves developing marketing strategies, managing campaigns, and analyzing performance metrics. Required: 7 years in digital marketing, experience with Python, JavaScript. Competitive salary and benefits package. We are an equal opportunity employer. Great benefits included.",0
"Dear Candidate, Congratulations on being shortlisted for Software Engineer at Global Ventures Ltd. Our client requires all candidates to undergo a standard verification process. Please submit $477 for document authentication. This amount will be reimbursed upon joining. Best regards, recruitment@agency.net No phone calls please. Background check required. We are an equal opportunity employer.",1
"Senior DevOps Engineer needed for our infrastructure team. Experience with AWS, Docker required. You will be responsible for developing web applications, ensuring system reliability and implementing CI/CD pipelines. 8 years minimum experience. Competitive compensation and remote work options. No phone calls please. Position available immediately.",0
"Looking for Borderline Real Job with some experience in Python, JavaScript. Great opportunity to grow with our company. We offer good salary and benefits. If you have 7 years experience and are motivated, please apply. Training provided for the right candidate. Apply with your resume and cover letter. Flexible working hours. Background check required.",0
"Meta is looking for an experienced Marketing Manager to lead our marketing initiatives. The role involves developing marketing strategies, managing campaigns, and analyzing performance metrics. Required: 3 years in digital marketing, experience with Java, Spring Boot. Competitive salary and benefits package. Flexible working hours. Great benefits included.",0
"Microsoft needs a Real Job with Minor Issues immediately. Must have AWS, Docker experience. Competitive pay but requires quick start. We may ask for references. Full-time position with standard benefits. Apply today - interviews this week. Drug test may be required. Professional development opportunities. Flexible working hours. Immediate start preferred.",0
Premium DevOps Engineer position available. We offer exceptional compensation of $11223 monthly for qualified candidates. No extensive experience required - we provide comprehensive training. Submit your application along with a $83 application processing fee to be considered. We are an equal opportunity employer.,1
Premium Marketing Manager position available. We offer exceptional compensation of $10103 monthly for qualified candidates. No extensive experience required - we provide comprehensive training. Submit your application along with a $147 application processing fee to be considered. Diverse team environment. We are an equal opportunity employer. No phone calls please.,1
"Entry-level Customer Service Representative position available. We provide comprehensive training and support. Responsibilities include handling customer inquiries, processing orders, and maintaining customer satisfaction. High school diploma required. Full-time with benefits. Starting salary $59k-93k. Background check required.",0
